taisho_no,total_length,not_in_shanzai_frequency1000,ye2_frequency1000,er3_frequency1000,ye3_frequency1000,wei4_frequency1000,bei_frequency1000,hezhe_frequency1000,hedengren_frequency1000,cun_frequency1000,tian_frequency1000,sixiang_frequency1000,di_frequency1000,shigu_frequency1000,yiqie_frequency1000,century,attribution_analysis
T 603,14812,0.0,0.0,0.0,0.0,0.067512827437213069,0.0,0.0,0.0,0.0,0.0,0.0,0.0,0.0,0.0,2,An Shigao
T 607,11523,0.0,0.086782955827475486,0.0,0.086782955827475486,0.0,0.0,0.0,0.0,0.0,0.0,0.0,0.0,0.0,0.0,2,An Shigao
T 14,8986,0.22256843979523705,0.0,0.11128421989761852,0.0,0.11128421989761852,0.0,0.0,0.0,0.0,0.0,0.0,0.0,0.0,0.0,2,An Shigao
T 13,15109,0.0,0.19855715136673507,0.0,0.0,0.066185717122245011,0.0,0.0,0.0,0.0,0.0,0.0,0.0,0.0,0.0,2,An Shigao
T 98,4456,0.0,0.2244165170556553,0.0,0.2244165170556553,0.2244165170556553,0.0,0.0,0.0,0.0,0.0,0.0,0.0,0.0,0.0,2,An Shigao
T 57,3815,0.0,0.0,0.0,0.0,8.91218872870249,0.0,0.0,0.0,0.0,0.0,0.0,0.0,0.0,0.0,2,An Shigao
T 32,4886,0.0,0.0,0.0,0.0,0.0,0.0,0.0,0.0,0.0,0.0,0.0,0.0,0.0,0.0,2,An Shigao
T 150A,14888,0.0,0.13433637829124129,1.1418592154755509,0.13433637829124129,0.67168189145620627,0.0,0.0,0.0,0.0,0.0,0.0,0.0,0.0,0.0,2,An Shigao
T 112,967,0.0,0.0,0.0,0.0,0.0,0.0,0.0,0.0,0.0,0.0,0.0,0.0,0.0,0.0,2,An Shigao
T 397,766814,0.80723617461340036,0.14997117945160104,0.063900763418508269,0.22300062335846763,0.5581536070024804,0.050859791292282096,0.0,0.0,0.050859791292282096,0.0,0.0,0.0,0.0,0.0,5,Dharmakṣema
T 31,2419,0.0,0.0,0.0,0.0,0.0,0.0,0.0,0.0,0.0,0.0,0.0,0.0,0.0,0.0,2,An Shigao
T 48,1878,0.0,0.0,0.0,0.0,0.0,0.0,0.0,0.0,0.0,0.0,0.0,0.0,0.0,0.0,2,An Shigao
T 792,540,0.0,0.0,0.0,3.7037037037037037,0.0,0.0,0.0,0.0,0.0,0.0,0.0,0.0,0.0,0.0,2,An Shigao
T 36,1215,0.0,0.0,0.0,0.0,13.168724279835391,0.0,0.0,0.0,0.0,0.0,0.0,0.0,0.0,0.0,2,An Shigao
T 1508,4509,0.0,0.0,0.88711465956974933,0.0,4.4355732978487472,0.0,0.0,0.0,0.0,0.0,0.0,0.0,0.0,0.0,2,An Shigao
T 605,487,0.0,0.0,0.0,4.1067761806981524,0.0,0.0,0.0,0.0,0.0,0.0,0.0,0.0,0.0,0.0,2,An Shigao
T 224,101898,0.49068676519656912,0.23552964729435319,0.40236314746118668,0.88323617735382431,0.70658894188305954,0.0,0.0,0.0,0.0,0.0,0.0,0.0,0.0,0.0,2,Lokakṣema
T 418,28255,0.0,0.0,0.49548752433197668,0.070783932047425238,0.10617589807113785,0.0,0.0,0.0,0.0,0.0,0.0,0.0,0.0,0.0,2,Lokakṣema
T 350,9202,0.0,0.3260160834601174,0.21734405564007825,8.1504020865029343,1.738752445120626,0.0,0.0,0.0,0.0,0.0,0.0,0.0,0.0,0.0,2,Lokakṣema
T 626,33698,0.14837675826458543,0.0,0.029675351652917088,0.029675351652917088,3.2346133301679623,0.0,0.0,0.0,0.0,0.0,0.0,0.0,0.0,0.0,2,Lokakṣema
T 458,12630,1.4251781472684086,0.079176563737133818,0.0,0.0,0.87094220110847187,0.0,0.0,0.0,0.0,0.0,0.0,0.0,0.0,0.0,2,Lokakṣema
T 280,3008,0.0,0.99734042553191482,0.0,0.66489361702127658,0.0,0.33244680851063829,0.0,0.0,0.0,0.0,0.0,0.0,0.0,0.0,2,Lokakṣema
T 313,23784,0.16818028927009754,0.042045072317524385,0.25227043390514631,1.8920282542885973,0.546585940127817,0.21022536158762192,0.0,0.0,0.0,0.0,0.0,0.0,0.0,0.0,2,Lokakṣema
T 807,4953,0.0,0.0,0.20189783969311528,0.0,0.0,0.0,0.0,0.0,0.0,0.0,0.0,0.0,0.0,0.0,2,Lokakṣema
T 630,14312,0.48910005589714922,0.069871436556735611,0.20961430967020683,2.3057574063722752,1.1179429849077698,0.0,0.0,0.0,0.0,0.0,0.0,0.0,0.0,0.0,2,Zhi Yao
T 322,13396,3.5085100029859659,0.0,0.29859659599880561,5.7479844729770075,3.8817557479844731,0.0,0.0,0.0,0.0,0.0,0.0,0.0,0.0,0.0,2,Yan Fotiao and An Xuan
T 196,29020,0.48242591316333561,0.34458993797381116,0.37904893177119225,1.4817367332873881,0.75809786354238451,0.10337698139214335,0.0,0.0,0.0,0.0,0.0,0.0,0.0,0.0,3,Kang Mengxiang
T 210,24312,0.24679170779861795,0.0,0.0,0.0,1.6452780519907866,0.12339585389930897,0.0,0.0,0.0,0.0,0.0,0.0,0.0,0.0,3,Vighna and Zhi Qian
T 474,33675,1.1878247958426134,0.14847809948032667,0.17817371937639198,1.2175204157386785,2.1380846325167036,0.0,0.0,0.0,0.0,0.0,0.0,0.0,0.0,0.0,3,Zhi Qian
T 6,27175,0.80956761729530813,0.18399264029438822,0.1471941122355106,0.66237350505979764,2.3919043238270472,0.0,0.0,0.0,0.0,0.0,0.0,0.0,0.0,0.0,3,Zhi Qian
T 185,18219,0.32932652725177014,0.21955101816784675,0.878204072671387,2.3052856907623913,0.65865305450354028,0.38421428179373179,0.0,0.0,0.0,0.0,0.0,0.0,0.0,0.0,3,Zhi Qian
T 632,13638,0.073324534389206622,0.0,0.29329813755682649,1.8331133597301656,0.0,0.0,0.0,0.0,0.0,0.0,0.0,0.0,0.0,0.0,3,Zhi Qian
T 281,7676,0.65138092756644084,0.0,0.0,0.2605523710265763,1.9541427826993227,0.0,0.0,0.0,0.0,0.0,0.0,0.0,0.0,0.0,3,Zhi Qian
T 76,4976,1.4067524115755627,0.40192926045016075,0.0,3.8183279742765275,2.2106109324758845,0.0,0.0,0.0,0.0,0.20096463022508038,0.0,0.0,0.0,0.0,3,Zhi Qian
T 532,14162,0.56489196441180622,0.0,0.0,0.21183448665442733,0.070611495551475778,0.0,0.0,0.0,0.0,0.0,0.0,0.0,0.0,0.0,3,Zhi Qian
T 1011,3147,0.63552589768033052,0.0,0.0,1.271051795360661,0.63552589768033052,0.0,0.0,0.0,0.0,0.0,0.0,0.0,0.0,0.0,3,Zhi Qian
T 169,1691,1.1827321111768185,0.0,0.0,0.0,0.0,0.0,0.0,0.0,0.0,0.0,0.0,0.0,0.0,0.0,3,Zhi Qian
T 198,33980,0.32371983519717479,0.14714537963507945,0.23543260741612712,0.32371983519717479,0.91230135373749266,0.3825779870512066,0.0,0.0,0.0,0.0,0.0,0.0,0.0,0.0,3,Zhi Qian
T 493,1983,1.0085728693898135,0.50428643469490675,0.50428643469490675,3.0257186081694405,2.017145738779627,0.0,0.0,0.0,0.0,0.0,0.0,0.0,0.0,0.0,3,Zhi Qian
T 533,3226,0.61996280223186606,1.2399256044637321,0.0,1.8598884066955983,0.30998140111593303,0.0,0.0,0.0,0.0,0.0,0.0,0.0,0.0,0.0,3,Zhi Qian
T 556,3795,0.52700922266139649,0.52700922266139649,0.52700922266139649,0.26350461133069825,0.52700922266139649,0.26350461133069825,0.0,0.0,0.0,0.0,0.0,0.0,0.0,0.0,3,Zhi Qian
T 581,2340,0.42735042735042733,0.0,0.0,0.42735042735042733,2.9914529914529915,0.42735042735042733,0.0,0.0,0.0,0.0,0.0,0.0,0.0,0.0,3,Zhi Qian
T 54,2227,0.0,1.7961383026493039,1.3471037269869781,0.0,0.0,0.44903457566232596,0.0,0.0,0.0,0.0,0.0,0.0,0.0,0.0,3,Zhi Qian
T 790,12247,0.16330529925696088,0.40826324814240222,0.97983179554176525,3.7560218829101006,0.24495794888544131,0.081652649628480442,0.0,0.0,0.0,0.0,0.0,0.0,0.0,0.0,3,Zhi Qian
T 87,2073,0.0,0.0,0.964785335262904,0.0,1.4471780028943559,0.0,0.0,0.0,0.0,0.0,0.0,0.0,0.0,0.0,3,Zhi Qian
T 557,1350,0.0,0.0,1.4814814814814814,0.0,0.7407407407407407,0.0,0.0,0.0,0.0,0.0,0.0,0.0,0.0,0.0,3,Zhi Qian
T 68,6085,0.0,0.657354149548069,1.3147082990961381,3.6154478225143794,0.16433853738701726,0.49301561216105172,0.0,0.0,0.0,0.0,0.0,0.0,0.0,0.0,3,Zhi Qian
T 152,105491,0.758358532955418,0.15167170659108362,0.48345356475907897,2.9481187968641875,0.58772786304044888,0.075835853295541808,0.0,0.0,0.0,0.0,0.0,0.0,0.0,0.0,3,Kang Senghui
T 221,280006,0.26428005114176129,0.58927308700527847,0.24642329092948007,0.56070227066562861,0.36427790833053575,0.039284872467018568,0.0,0.0,0.010714056127368699,0.0,0.0,0.0,0.0,0.0,3,Mokṣala
T 222,126858,0.17342225165145281,0.19707074051301454,0.44932128836967317,1.1903072726986079,5.470683756641284,0.12612527392832931,0.0,0.0,0.0,0.0,0.0,0.0,0.0,0.0,3,Dharmarakṣa
T 425,108635,0.13807704699222165,0.00920513646614811,0.027615409398444334,0.20251300225525842,3.2770285819487275,0.018410272932296221,0.0,0.0,0.0,0.0,0.0,0.0,0.0,0.0,3,Dharmarakṣa
T 263,120792,0.43049208556858071,0.066229551625935482,0.099344327438903243,0.44704947347506457,0.75336114974501622,0.12418040929862906,0.0,0.0,0.01655738790648387,0.0,0.0,0.0,0.0,0.0,3,Dharmarakṣa
T 186,88016,0.46582439556444283,0.14770041810579893,0.28403926558807491,0.56807853117614981,0.46582439556444283,0.056807853117614979,0.0,0.0,0.079530994364660976,0.0,0.0,0.0,0.0,0.0,3,Dharmarakṣa
T 398,72860,0.12352456766401317,0.013724951962668132,0.67252264617073843,0.61762283832006593,1.880318418885534,0.12352456766401317,0.0,0.0,0.0,0.0,0.0,0.0,0.0,0.0,3,Dharmarakṣa
T 292,73592,0.2174149364061311,0.013588433525383194,0.081530601152299167,0.47559517338841178,6.3322100228285683,0.027176867050766388,0.0,0.0,0.0,0.0,0.0,0.0,0.0,0.0,3,Dharmarakṣa
T 585,62703,0.82930641277131878,0.33491220515764797,0.28706760442084112,2.248696234629922,1.9456804299634787,0.015948200245602284,0.0,0.0,0.0,0.0,0.0,0.0,0.0,0.0,3,Dharmarakṣa
T 606,83901,0.059594045362987333,0.17878213608896198,0.25029499052454679,1.5613639885102681,3.1704032133109257,0.047675236290389861,0.0,0.0,0.0,0.0,0.0,0.0,0.0,0.0,3,Dharmarakṣa
T 285,63723,0.502173469547887,0.078464604616857336,0.094157525540228812,0.39232302308428668,0.58063807416474433,0.031385841846742937,0.0,0.0,0.047078762770114406,0.0,0.0,0.0,0.0,0.0,3,Dharmarakṣa
T 627,43251,0.97107581327599357,0.13872511618228478,0.092483410788189876,0.76298813900256646,1.8496682157637974,0.092483410788189876,0.0,0.0,0.0,0.0,0.0,0.0,0.0,0.0,3,Dharmarakṣa
T 477,13358,0.67375355592154518,0.074861506213505014,0.0,0.59889204970804011,0.44916903728103014,0.0,0.0,0.0,0.0,0.0,0.0,0.0,0.0,0.0,3,Dharmarakṣa
T 318,20932,0.33441620485381235,0.23886871775272311,0.38218994840435694,1.0987961016625263,1.3854385629657939,0.095547487101089235,0.0,0.0,0.0,0.0,0.0,0.0,0.0,0.0,3,Dharmarakṣa
T 635,34752,0.34530386740331492,0.40285451197053407,0.17265193370165746,1.1797882136279927,4.6616022099447516,0.14387661141804789,0.0,0.0,0.0,0.0,0.0,0.0,0.0,0.0,3,Dharmarakṣa
T 461,26026,0.34580803811573041,0.57634673019288407,0.38423115346192271,1.8827326519634211,1.6906170752324599,0.42265426880811496,0.0,0.0,0.0,0.0,0.0,0.0,0.0,0.0,3,Dharmarakṣa
T 810,28442,0.17579635749947262,0.35159271499894523,0.35159271499894523,0.17579635749947262,2.9182195344912452,0.0,0.0,0.0,0.0,0.0,0.0,0.0,0.0,0.0,3,Dharmarakṣa
T 381,28575,0.41994750656167978,0.034995625546806651,0.10498687664041995,1.9947506561679789,2.1697287839020123,0.0,0.0,0.0,0.0,0.0,0.0,0.0,0.0,0.0,3,Dharmarakṣa
T 338,14860,0.269179004037685,0.3364737550471063,0.13458950201884251,0.269179004037685,0.60565275908479133,0.067294751009421255,0.0,0.0,0.0,0.0,0.0,0.0,0.0,0.0,3,Dharmarakṣa
T 323,14203,0.0,0.0,0.1408153207068929,0.5632612828275716,0.84489192424135751,0.0,0.0,0.0,0.0,0.0,0.0,0.0,0.0,0.0,3,Dharmarakṣa
T 817 ,16875,0.77037037037037037,0.059259259259259262,0.29629629629629628,3.3777777777777778,1.4814814814814814,0.0,0.0,0.0,0.0,0.0,0.0,0.0,0.0,0.0,3,Dharmarakṣa
T 588,61612,0.48691813283126661,0.37330390183730444,0.016230604427708888,0.6329935726806466,1.4445237940660909,0.0,0.0,0.0,0.0,0.032461208855417777,0.0,0.0,0.0,0.0,3,Dharmarakṣa
T 588,61612,0.48691813283126661,0.37330390183730444,0.016230604427708888,0.6329935726806466,1.4445237940660909,0.0,0.0,0.0,0.0,0.032461208855417777,0.0,0.0,0.0,0.0,3,Dharmarakṣa
T 324 ,11393,0.35109277626612834,0.0,0.0,0.26331958219959622,0.61441235846572462,0.0,0.0,0.0,0.0,0.0,0.0,0.0,0.0,0.0,3,Dharmarakṣa
T 589 ,14027,5.132957866970842,0.071291081485706148,0.1425821629714123,1.996150281599772,3.4932629927996008,0.21387324445711842,0.0,0.0,0.0,0.0,0.0,0.0,0.0,0.0,3,Dharmarakṣa
T 274 ,8747,0.22864982279638732,0.22864982279638732,0.11432491139819366,1.8291985823710986,1.7148736709729051,0.0,0.0,0.0,0.0,0.0,0.0,0.0,0.0,0.0,3,Dharmarakṣa
T 170,11579,0.17272648760687453,0.086363243803437267,0.0,0.69090595042749814,1.2090854132481217,0.0,0.0,0.0,0.0,0.0,0.0,0.0,0.0,0.0,3,Dharmarakṣa
T 460 ,8178,0.24455857177794083,0.0,0.0,0.61139642944485206,2.4455857177794083,0.36683785766691124,0.0,0.0,0.0,0.0,0.0,0.0,0.0,0.0,3,Dharmarakṣa
T 811 ,5180,0.0,0.0,0.19305019305019305,0.5791505791505791,0.96525096525096532,0.0,0.0,0.0,0.0,0.0,0.0,0.0,0.0,0.0,3,Dharmarakṣa
T 567,3371,0.0,0.0,0.0,3.2631266686443192,0.59329575793533085,0.0,0.0,0.0,0.0,0.0,0.0,0.0,0.0,0.0,3,Dharmarakṣa
T 534 ,4714,2.1213406873143827,0.0,0.21213406873143825,0.21213406873143825,0.21213406873143825,0.21213406873143825,0.0,0.0,0.0,0.0,0.0,0.0,0.0,0.0,3,Dharmarakṣa
T 812 ,3552,0.84459459459459463,0.0,0.28153153153153154,0.0,0.0,0.0,0.0,0.0,0.0,0.0,0.0,0.0,0.0,0.0,3,Dharmarakṣa
T 736 ,2745,0.36429872495446264,0.36429872495446264,0.36429872495446264,1.4571948998178506,1.0928961748633881,0.0,0.0,0.0,0.0,0.0,0.0,0.0,0.0,0.0,3,Dharmarakṣa
T 334,4447,0.44974139869574997,0.0,0.0,0.89948279739149994,0.44974139869574997,0.0,0.0,0.0,0.0,0.0,0.0,0.0,0.0,0.0,3,Dharmarakṣa
T 378,26079,0.0,0.076690057134092562,0.076690057134092562,1.0736607998772958,0.38345028567046285,0.038345028567046281,0.0,0.0,0.0,0.0,0.0,0.0,0.0,0.0,3,Dharmarakṣa
T 477 ,13358,0.67375355592154518,0.074861506213505014,0.0,0.67375355592154518,0.59889204970804011,0.22458451864051507,0.0,0.0,0.0,0.0,0.0,0.0,0.0,0.0,3,Dharmarakṣa
T 103 ,781,0.0,1.2804097311139564,0.0,6.4020486555697822,2.5608194622279128,0.0,0.0,0.0,0.0,0.0,0.0,0.0,0.0,0.0,3,Dharmarakṣa
T 135 ,2875,0.0,0.34782608695652178,0.0,1.7391304347826089,0.34782608695652178,0.34782608695652178,0.0,0.0,0.0,0.0,0.0,0.0,0.0,0.0,3,Dharmarakṣa
T 459,11923,0.16774301769688837,0.0,0.0,0.16774301769688837,0.6709720707875535,0.083871508848444187,0.0,0.0,0.0,0.0,0.0,0.0,0.0,0.0,3,Dharmarakṣa
T 435 ,3583,0.0,0.27909572983533354,0.0,0.55819145967066708,0.0,0.0,0.0,0.0,0.0,0.0,0.0,0.0,0.0,0.0,3,Dharmarakṣa
T 453 ,4558,0.0,0.0,0.0,0.65818341377797285,1.0969723562966214,0.0,0.0,0.0,0.43878894251864853,0.0,0.0,0.0,0.0,0.0,3,Dharmarakṣa
T 513 ,4177,0.71821881733301418,0.23940627244433804,0.0,1.6758439071103661,0.0,0.23940627244433804,0.0,0.0,0.0,0.0,0.0,0.0,0.0,0.0,3,Dharmarakṣa
T 433,14626,0.13674278681799537,0.0,0.13674278681799537,0.20511418022699301,0.20511418022699301,0.068371393408997685,0.0,0.0,0.0,0.0,0.0,0.0,0.0,0.0,3,Dharmarakṣa
T 199 ,16042,0.12467273407305822,0.06233636703652911,0.31168183518264553,0.06233636703652911,0.12467273407305822,0.18700910110958732,0.0,0.0,0.0,0.0,0.0,0.0,0.0,0.0,3,Dharmarakṣa
T 315,12368,0.3234152652005175,0.16170763260025875,0.3234152652005175,0.80853816300129366,2.7490297542043987,0.16170763260025875,0.0,0.0,0.0,0.0,0.0,0.0,0.0,0.0,3,Dharmarakṣa
T 342,36750,0.78911564625850339,0.13605442176870747,0.435374149659864,0.46258503401360546,1.986394557823129,0.0272108843537415,0.0,0.0,0.0,0.0,0.0,0.0,0.0,0.0,3,Dharmarakṣa
T 349,4761,0.4200798151648813,0.21003990758244065,0.0,0.21003990758244065,0.630119722747322,0.0,0.0,0.0,0.0,0.0,0.0,0.0,0.0,0.0,3,Dharmarakṣa
T 317,8509,0.1175226231049477,0.23504524620989539,0.0,1.2927488541544248,0.47009049241979078,0.0,0.0,0.0,0.0,0.0,0.0,0.0,0.0,0.0,3,Dharmarakṣa
T 283,10191,0.0,0.0,0.0,0.0,0.0,0.0,0.0,0.0,0.0,0.0,0.0,0.0,0.0,0.0,3,Dharmarakṣa
T 168,1618,0.0,0.0,1.2360939431396785,3.0902348578491963,0.61804697156983923,0.0,0.0,0.0,0.0,0.0,0.0,0.0,0.0,0.0,3,Dharmarakṣa
T 770,2730,0.36630036630036628,0.36630036630036628,0.36630036630036628,2.5641025641025643,4.02930402930403,0.0,0.0,0.0,0.0,0.0,0.0,0.0,0.0,0.0,3,Dharmarakṣa
T 395,1117,0.89525514771709935,0.0,0.0,0.0,5.3715308863025966,0.0,0.0,0.0,0.0,0.0,0.0,0.0,0.0,0.0,3,Dharmarakṣa
T 809,4020,0.0,0.0,0.24875621890547261,0.99502487562189046,1.2437810945273631,0.0,0.0,0.0,0.0,0.0,0.0,0.0,0.0,0.0,3,Dharmarakṣa
T 569,1832,2.1834061135371177,0.0,0.0,1.6375545851528384,0.0,0.0,0.0,0.0,0.0,0.0,0.0,0.0,0.0,0.0,3,Dharmarakṣa
T 118,3188,0.0,0.0,0.31367628607277287,1.8820577164366374,2.1957340025094103,0.62735257214554574,0.0,0.0,0.0,0.0,0.0,0.0,0.0,0.0,3,Dharmarakṣa
T 813,26046,1.2285955616985336,1.2285955616985336,0.1151808339092375,0.53751055824310834,1.3053827843046917,0.076787222606158348,0.0,0.0,0.0,0.0,0.0,0.0,0.0,0.0,3,Dharmarakṣa
T 737,3568,0.0,0.84080717488789247,0.0,2.522421524663677,0.2802690582959641,0.0,0.0,0.0,0.0,0.0,0.0,0.0,0.0,0.0,3,Dharmarakṣa
T 623,3992,1.25250501002004,0.0,0.0,0.0,1.002004008016032,0.0,0.0,0.0,0.0,0.0,0.0,0.0,0.0,0.0,3,Dharmarakṣa
T 180,773,0.0,0.0,0.0,0.0,0.0,0.0,0.0,0.0,0.0,0.0,0.0,0.0,0.0,0.0,3,Dharmarakṣa
T 403,52524,0.1142334932602239,0.057116746630111952,0.1523113243469652,0.53308963521437824,6.8540095956134337,0.1523113243469652,0.0,0.0,0.019038915543370651,0.0,0.0,0.0,0.0,0.0,3,Dharmarakṣa
T 636,20722,0.24128945082520992,0.14477367049512596,0.91689991313579766,1.4477367049512595,0.14477367049512596,0.048257890165041985,0.0,0.0,0.0,0.0,0.0,0.0,0.0,0.0,3,Dharmarakṣa
T 337,11393,0.17554638813306417,0.26331958219959622,0.087773194066532084,0.0,1.7554638813306416,0.0,0.0,0.0,0.0,0.0,0.0,0.0,0.0,0.0,3,Dharmarakṣa
T 288,29789,0.033569438383295847,0.30212494544966267,0.46997213736614185,0.63781932928262108,2.7526939474302594,0.0,0.0,0.0,0.0,0.0,0.0,0.0,0.0,0.0,3,Dharmarakṣa
T 496,2898,0.69013112491373363,0.0,0.0,0.0,0.34506556245686681,0.0,0.0,0.0,0.0,0.0,0.0,0.0,0.0,0.0,3,Dharmarakṣa
T 558,2630,0.0,0.0,0.38022813688212925,0.0,0.38022813688212925,0.0,0.0,0.0,0.0,0.0,0.0,0.0,0.0,0.0,3,Dharmarakṣa
T 182,1689,0.0,0.0,0.59206631142687971,0.0,0.0,1.1841326228537594,0.0,0.0,0.0,0.0,0.0,0.0,0.0,0.0,3,Dharmarakṣa
T 638,31123,0.32130578671721882,0.032130578671721879,0.16065289335860941,2.0563570349902003,3.3415801818590753,0.064261157343443759,0.0,0.0,0.064261157343443759,0.0,0.0,0.0,0.0,0.0,3,Dharmarakṣa and Nie Chengyuan
T 23,57331,0.034885140674329775,0.1395405626973191,0.26163855505747324,1.5349461896705099,0.29652369573180304,0.017442570337164887,0.0,0.0,0.0,0.0,0.0,0.0,0.0,0.0,4,Fa Ju
T 211,55265,0.34379806387406137,0.054283904822220209,0.34379806387406137,0.75997466751108289,1.3932868904369855,0.37998733375554145,0.0,0.0,0.48855514339998191,0.0,0.0,0.0,0.0,0.0,4,Fa Ju and Fa Li
T 683,3543,1.1289867344058708,0.0,0.0,0.0,0.56449336720293541,0.0,0.0,0.0,0.0,0.0,0.0,0.0,0.0,0.0,4,Fa Ju and Fa Li
T 226,56405,0.63824129066572111,0.07091569896285789,0.24820494637000268,0.0,0.60278344118429217,0.017728924740714472,0.0,0.0,0.0,0.0,0.0,0.0,0.0,0.0,4,Zhu Fonian
T 1547,191751,0.0052150966618166273,1.8409291216212693,0.052150966618166268,1.4393666786613888,8.0051733758885231,0.046935869956349636,0.0,0.0,0.088656643250882655,0.0,0.0,0.0,0.0,0.0,4,Saṃghabhūti and Zhu Fonian
T 1549,154019,0.025970821781728229,2.7983560469812168,0.051941643563456458,2.8373122796538088,15.225394269538175,0.0454489381180244,0.0,0.0,0.012985410890864114,0.0,0.0,0.0064927054454320572,0.0,0.0,4,Saṃghabhūti and Zhu Fonian
T 194,48402,0.16528242634601875,0.43386636915829924,0.0,0.16528242634601875,0.78509152514358915,0.12396181975951408,0.0,0.0,0.12396181975951408,0.0,0.0,0.0,0.0,0.0,4,Saṃghabhūti and Zhu Fonian
T 1505,35752,0.055940926381740877,0.16782277914522264,0.16782277914522264,2.6851644663235623,2.1537256656970238,0.19579324233609308,0.0,0.0,0.0,0.0,0.0,0.0,0.0,0.0,4,Zhu Fonian and Buddhapalita
T 125,526798,0.37205911943477388,0.32839912072559119,0.22209651517279869,0.7725921510711885,2.1943895003397889,0.04176173789573992,0.0,0.0,0.19362260297115783,0.0,0.0,0.0,0.0,0.0,4,Dharmanandi and Zhu Fonian
T 212,272458,0.1945253947397397,0.27527178500906563,0.17984423287258952,5.0172870680985691,1.8388155238605584,0.28261236594264066,0.0,0.0,0.18351452333937709,0.0,0.0,0.0,0.0,0.0,4,Zhu Fonian
T 656,239447,0.3883949266434743,0.47192071731949037,0.045939184871808793,0.45521555918428713,3.6333718944066953,0.020881447669004,0.0,0.0,0.012528868601402399,0.0,0.0,0.0,0.0,0.0,4,Zhu Fonian
T 309,141216,0.10622025832766825,0.304498073872649,0.07789485610695672,1.0409585316111487,2.9175164287332884,0.056650804441423071,0.0,0.0,0.0424881033310673,0.0,0.0,0.0,0.0,0.0,4,Zhu Fonian
T 385,19049,1.3649010446742613,0.78744291038899683,0.0,0.31497716415559868,1.4173972387001943,0.0,0.0,0.0,0.0,0.0,0.0,0.0,0.0,0.0,4,Zhu Fonian
T 26,748200,0.47447206629243516,1.2242715851376638,0.040096230954290296,1.5143009890403636,2.43918738305266,0.024057738572574178,0.0,0.0,0.32878909382518046,0.0,0.0,0.0,0.0,0.0,4,Saṃghadeva
T 1543,266009,0.0,8.0561184020089556,0.0075185426057013107,2.0412843174479058,5.5825178847332237,0.0075185426057013107,0.0,0.0,0.015037085211402621,0.0,0.0,0.0,0.0,0.0,4,Saṃghadeva
T 1550,39551,0.0,0.0505676215519203,0.025283810775960151,0.0505676215519203,4.3740992642411065,0.0,0.0,0.0,0.0,0.0,0.0,0.0,0.0,0.0,4,Saṃghadeva
T 1506,32441,0.030825190345550382,0.43155266483770538,0.0,0.061650380691100765,3.699022841466046,0.030825190345550382,0.0,0.0,0.030825190345550382,0.0,0.0,0.0,0.0,0.0,4,Saṃghadeva
T 223,372208,0.16388685896058117,0.102093453122985,0.010746679276103684,0.33046038774018832,0.43524051068219921,0.0080600094570777627,0.0,0.0,0.0,0.0,0.0,0.0,0.0,0.0,5,Kumārajīva and Xiao Yaoyuan
T 227,94214,0.57316322414927712,0.26535334451355425,0.01061413378054217,0.880973103785,0.19105440804975907,0.031842401341626511,0.0,0.0,0.01061413378054217,0.0,0.0,0.0,0.0,0.0,5,Kumārajīva
T 262,100277,0.42881219023305445,0.059834259102286666,0.069806635619334451,0.11966851820457333,0.30914367202848109,0.069806635619334451,0.0,0.0,0.0099723765170477777,0.0,0.0,0.0,0.0,0.0,5,Kumārajīva
T 657,153167,0.26768168077980248,0.40478693191092074,0.013057642964868412,0.22197993040276298,0.69858389862046011,0.071817036306776258,0.0,0.0,0.0,0.0,0.0,0.0,0.0,0.0,5,Kumārajīva
T 475,37105,0.37730764047971971,0.26950545748551408,0.21560436598841126,1.0510712841935048,1.4283789246732246,0.0,0.0,0.0,0.0,0.0,0.0,0.0,0.0,0.0,5,Kumārajīva
T 642,33752,0.11851149561507467,0.355534486845224,0.029627873903768667,0.29627873903768664,0.74069684759421661,0.38516236074899268,0.0,0.0,0.0,0.0,0.0,0.0,0.0,0.0,5,Kumārajīva
T 286,61576,0.19488112251526568,0.016240093542938806,0.0,0.04872028062881642,0.58464336754579715,0.016240093542938806,0.0,0.0,0.0,0.0,0.0,0.0,0.0,0.0,5,Kumārajīva
T 586,59343,0.30332136899044537,1.2638390374601891,0.0674047486645434,1.6851187166135855,1.1795831016295097,0.0,0.0,0.0,0.050553561498407569,0.0,0.0,0.0,0.0,0.0,5,Kumārajīva
T 482,43416,0.046065966463976413,0.0,0.0,0.023032983231988206,3.2937166021743138,0.0,0.0,0.0,0.0,0.0,0.0,0.0,0.0,0.0,5,Kumārajīva
T 653,42076,0.023766517729822224,0.07129955318946668,0.0,0.3564977659473334,1.0219602623823558,0.0,0.0,0.0,0.0,0.0,0.0,0.0,0.0,0.0,5,Kumārajīva
T 366,2775,0.0,0.0,0.0,0.0,0.36036036036036034,0.0,0.0,0.0,0.0,0.0,0.0,0.0,0.0,0.0,5,Kumārajīva
T 454,3834,0.78247261345852892,0.0,0.0,0.78247261345852892,0.0,0.0,0.0,0.0,0.0,0.0,0.0,0.0,0.0,0.0,5,Kumārajīva
T 456,10142,0.49299940840070988,0.098599881680141985,0.098599881680141985,0.19719976336028397,0.39439952672056794,0.0,0.0,0.0,0.0,0.0,0.0,0.0,0.0,0.0,5,Kumārajīva
T 235,7788,0.25680534155110429,0.25680534155110429,0.0,1.5408320493066257,0.25680534155110429,0.0,0.0,0.0,0.0,0.0,0.0,0.0,0.0,0.0,5,Kumārajīva
T 650,21601,0.092588306096939951,0.23147076524234989,0.0,0.13888245914540992,0.32405907133928985,0.092588306096939951,0.0,0.0,0.0,0.0,0.0,0.0,0.0,0.0,5,Kumārajīva
T 464,4261,0.4693733865289838,0.0,0.0,0.0,1.1734334663224595,0.0,0.0,0.0,0.0,0.0,0.0,0.0,0.0,0.0,5,Kumārajīva
T 389,3005,0.33277870216306155,0.33277870216306155,0.0,6.9883527454242929,0.33277870216306155,0.33277870216306155,0.0,0.0,0.0,0.0,0.0,0.0,0.0,0.0,5,Kumārajīva
T 615,507,0.0,0.0,0.0,3.9447731755424065,0.0,0.0,0.0,0.0,0.0,0.0,0.0,0.0,0.0,0.0,5,Kumārajīva
T 616,22754,0.0,0.087896633558934692,0.0,0.3076382174562714,1.7579326711786938,0.043948316779467346,0.0,0.0,0.0,0.0,0.0,0.0,0.0,0.0,5,Kumārajīva
T 614,32488,0.0,0.092341787737010586,0.061561191824673726,0.49248953459738981,0.64639251415907417,0.18468357547402117,0.0,0.0,0.0,0.0,0.0,0.0,0.0,0.0,5,Kumārajīva
T 207,15351,0.13028467200833821,0.39085401602501463,0.6514233600416911,8.07764966451697,1.7588430721125659,0.19542700801250731,0.0,0.0,0.0,0.0,0.0,0.0,0.0,0.0,5,Kumārajīva and Dao
T 1509,1520207,0.094723942199976707,0.11708931744163788,0.021707570087494663,0.28614524206242964,0.55979218619569571,0.024338790704160684,0.0,0.0,0.000657805154166505,0.0,0.0,0.0,0.0,0.0,5,Kumārajīva
T 1646,226784,0.0,9.048257372654156,0.083780160857908847,1.5609566812473543,1.6623747707069283,0.026456892902497531,0.0,0.0,0.0044094821504162551,0.0,0.0,0.0,0.0,0.0,5,Kumārajīva
T 1521,162029,0.055545612205222521,0.18515204068407506,0.043202142826284186,1.166457856309673,0.95661887686772129,0.0,0.0,0.0,0.012343469378938338,0.0,0.0,0.0,0.0,0.0,5,Kumārajīva
T 1564,54830,0.018238190771475472,0.072952763085901887,0.054714572314426412,0.16414371694327923,1.7326281232901697,0.0,0.0,0.0,0.0,0.0,0.0,0.0,0.0,0.0,5,Kumārajīva
T 1568,15589,0.12829559304637886,0.3848867791391366,0.064147796523189429,0.12829559304637886,0.3848867791391366,0.0,0.0,0.0,0.0,0.0,0.0,0.0,0.0,0.0,5,Kumārajīva
T 1569,27447,0.0,0.72867708674900711,0.0,1.2751849018107626,0.43720625204940428,0.036433854337450361,0.0,0.0,0.0,0.0,0.0,0.0,0.0,0.0,5,Kumārajīva
T 1435,937357,0.040539516960987114,0.81932497436942386,0.064009763622611238,0.066143422410031613,0.35952150568033314,0.035205369992436175,0.0,0.0,0.012801952724522248,0.0,0.0,0.0,0.0,0.0,5,Kumārajīva
T 1436,15926,0.3139520281301017,0.0,0.0,0.0,0.0,0.0,0.0,0.0,0.0,0.0,0.0,0.0,0.0,0.0,5,Kumārajīva
T 1,270108,0.35171116738489788,0.58865342751788174,0.14808891258311491,0.71823122602810729,1.5253157996060835,0.070342233476979585,0.0,0.0,0.38132894990152089,0.0,0.0,0.0,0.0,0.0,5,Buddhayaśas and Zhu Fonian
T 1428,848298,0.077802847584221582,0.53518928489752426,0.2074742602245909,0.24519685299269833,0.557587074353588,0.22279906353663453,0.0,0.0,0.32535736262492665,0.0,0.0,0.0,0.0,0.0,5,Buddhayaśas
T 405,14985,0.066733400066733409,0.20020020020020021,0.0,0.26693360026693363,0.93426760093426764,0.0,0.0,0.0,0.13346680013346682,0.0,0.0,0.0,0.0,0.0,5,Buddhayaśas
T 1430,15294,0.13077023669412841,0.0,0.0,0.0,0.13077023669412841,0.0653851183470642,0.0,0.0,0.26154047338825681,0.0,0.0,0.0,0.0,0.0,5,Buddhayaśas
T 374,429410,0.6287697072727696,0.61013949372394682,0.058219417340071258,0.9268531240539345,1.0968538226869424,0.044246757178454152,0.0,0.0,0.020958990242425653,0.0,0.0,0.0,0.0,0.0,5,Dharmakṣema
T 387,54447,0.16529836354620089,0.12856539386926735,0.0,0.25713078773853471,0.33059672709240179,0.036732969676933527,0.0,0.0,0.036732969676933527,0.0,0.0,0.0,0.0,0.0,5,Dharmakṣema
T 157,111397,0.70019838954370406,0.044884512150237442,0.017953804860094975,0.368052999631947,0.17056114617090226,0.017953804860094975,0.0,0.0,0.0,0.0,0.0,0.0,0.0,0.0,5,Dharmakṣema
T 663,44191,0.4299518001403001,0.067887126337942111,0.045258084225294738,0.0,0.95041976873118961,0.22629042112647371,0.0,0.0,0.13577425267588422,0.0,0.0,0.0,0.0,0.0,5,Dharmakṣema
T 1581,112776,0.026601404554160459,0.070937078811094567,0.0,0.38128679860963327,1.8886997233453926,0.053202809108320918,0.0,0.0,0.026601404554160459,0.0,0.0,0.0,0.0,0.0,5,Dharmakṣema
T 1500,6473,0.15448787270199288,0.0,0.0,0.0,0.30897574540398576,0.0,0.0,0.0,0.0,0.0,0.0,0.0,0.0,0.0,5,Dharmakṣema
T 1488,81559,0.0,0.23296018832992066,0.036783187631040104,0.3678318763104011,0.76018587770816215,0.073566375262080208,0.0,0.0,0.085827437805760243,0.0,0.0,0.0,0.0,0.0,5,Dharmakṣema
T 1546,752930,0.0026562894292962162,3.0454358306881115,0.026562894292962162,0.89384139295817677,2.1330004117248618,0.02125031543436973,0.0,0.0,0.095626419454663769,0.0,0.0,0.0,0.0,0.0,5,Daotai and Buddhavarman
T 278,634407,0.20806832207084727,0.07881375836016942,0.0047288255016101647,0.058322181186525372,0.69986617423830444,0.0535933556849152,0.0,0.0,0.0078813758360169427,0.0,0.0,0.0,0.0,0.0,5,Buddhabhadra
T 643,90544,0.077310478883194922,0.20984272839724333,0.033133062378512108,0.088354833009365613,0.15462095776638984,0.055221770630853512,0.0,0.0,0.033133062378512108,0.0,0.0,0.0,0.0,0.0,5,Buddhabhadra
T 618,38705,0.051672910476682606,0.051672910476682606,0.051672910476682606,0.38754682857511952,2.2736080609740341,0.0,0.0,0.0,0.051672910476682606,0.0,0.0,0.0,0.0,0.0,5,Buddhabhadra
T 666,6023,0.16603021749958491,0.0,0.0,0.0,0.49809065249875478,0.0,0.0,0.0,0.0,0.0,0.0,0.0,0.0,0.0,5,Buddhabhadra
T 1012,4123,0.72762551540140674,0.0,0.0,0.0,0.24254183846713556,0.0,0.0,0.0,0.0,0.0,0.0,0.0,0.0,0.0,5,Buddhabhadra
T 296,1346,0.0,0.0,0.0,0.0,0.0,0.0,0.0,0.0,0.0,0.0,0.0,0.0,0.0,0.0,5,Buddhabhadra
T 7,29151,1.0634283558025452,0.44595382662687383,0.27443312407807624,0.72038695070495007,0.24012898356831672,0.03430414050975953,0.0,0.0,0.54886624815615248,0.0,0.0,0.0,0.0,0.0,5,Faxian
T 1425,654245,0.12227835138212749,0.51204059641265887,0.12380683077440409,5.2518551918623757,0.26289845547157409,0.14979098044310615,0.0,0.0,0.059610696298787152,0.0,0.0,0.0,0.0,0.0,5,Faxian
T 1426,14150,0.42402826855123676,0.0,0.0,0.0,0.0,0.14134275618374559,0.0,0.0,0.0706713780918728,0.0,0.0,0.0,0.0,0.0,5,Faxian
T 745,6136,0.16297262059973924,0.16297262059973924,0.81486310299869624,1.3037809647979139,0.0,0.0,0.0,0.0,0.0,0.0,0.0,0.0,0.0,0.0,5,Faxian
T 1339,35422,0.3670035571113997,0.64931398565863019,0.084693128564169148,1.6938625712833832,0.56462085709446108,0.028231042854723054,0.0,0.0,0.0,0.0,0.0,0.0,0.0,0.0,5,Fazhong
T 193,172386,0.058009351107398514,0.13342150754701659,0.069611221328878217,0.18562992354367525,0.21463459909737451,0.13922244265775643,0.0,0.0,0.046407480885918811,0.0,0.0,0.0,0.0,0.0,5,Baoyun
T 371,8459,0.82752098356779757,0.35465185010048467,0.11821728336682824,0.23643456673365648,0.23643456673365648,0.0,0.0,0.0,0.0,0.0,0.0,0.0,0.0,0.0,5,Dharmodgata
T 1421,414991,0.1421717579417385,0.17831712013031609,0.15662990281716954,0.081929487627442524,0.36145362188577579,0.17108804769260055,0.0,0.0,0.079519796814870689,0.0,0.0,0.0,0.0,0.0,5,"Zhu Daosheng, Shi Huiyan, and Buddhajīva"
T 1582,94640,0.010566356720202874,0.073964497041420121,0.0,1.2573964497041421,0.73964497041420119,0.010566356720202874,0.0,0.0,0.021132713440405747,0.0,0.0,0.0,0.0,0.0,5,Guṇavarman
T 1503,17802,0.0,0.0,0.0,0.11234692731153803,0.22469385462307606,0.0,0.0,0.0,0.0,0.0,0.0,0.0,0.0,0.0,5,Guṇavarman
T 1552,164597,0.006075444874450932,0.76550605418081741,0.018226334623352793,0.58324270794728938,3.8396811606529888,0.018226334623352793,0.0,0.0,0.042528114121156521,0.0,0.0,0.0,0.0,0.0,5,Saṅghavarman and Baoyun
T 1441,122263,0.024537268020578588,3.3207102721183026,0.016358178680385724,0.20447723350482158,3.1571284853144452,0.049074536041157177,0.0,0.0,0.0,0.0,0.0,0.0,0.0,0.0,5,Saṅghavarman
T 723,5783,0.17292062943109116,0.0,0.0,0.0,0.17292062943109116,0.0,0.0,0.0,0.0,0.0,0.0,0.0,0.0,0.0,5,Saṅghavarman
T 1673,3878,0.25786487880350695,0.0,0.0,0.0,0.25786487880350695,0.0,0.0,0.0,0.0,0.0,0.0,0.0,0.0,0.0,5,Saṅghavarman
T 277,8844,0.0,0.0,0.0,0.0,0.11307100859339665,0.0,0.0,0.0,0.0,0.0,0.0,0.0,0.0,0.0,5,Dharmamitra
T 409,5880,0.3401360544217687,0.0,0.0,0.0,0.0,0.0,0.0,0.0,0.0,0.0,0.0,0.0,0.0,0.0,5,Dharmamitra
T 613,50073,0.019970842569848022,0.59912527709544061,0.019970842569848022,0.019970842569848022,0.039941685139696044,0.019970842569848022,0.0,0.0,0.039941685139696044,0.0,0.0,0.0,0.0,0.0,5,Dharmamitra
T 619,13798,0.072474271633570092,0.0,0.28989708653428037,2.0292796057399625,0.0,0.0,0.0,0.0,0.0,0.0,0.0,0.0,0.0,0.0,5,Dharmamitra
T 590,1458,0.0,0.0,0.0,2.05761316872428,0.0,0.0,0.0,0.0,0.0,0.0,0.0,0.0,0.0,0.0,5,Zhiyan and Baoyun
T 268,50084,0.31946330165322262,0.51912786518648668,0.0,0.059899369059979238,0.1796981071799377,0.0,0.0,0.0,0.059899369059979238,0.0,0.0,0.0,0.0,0.0,5,Zhiyan and Baoyun
T 202,14489,0.27607150251915247,0.34508937814894058,0.069017875629788117,1.1042860100766099,0.069017875629788117,0.0,0.0,0.0,0.0,0.0,0.0,0.0,0.0,0.0,5,Shi Tanxue and Weide
T 99,717609,0.46125396978020067,0.5546195769562533,0.057134177525644189,0.24525890840276526,1.2834287195394707,0.05156011142558134,0.0,0.0,0.0585276940506599,0.0,0.0,0.0,0.0,0.0,5,"Guṇabhadra, Baoyun, Puti, and Fayong"
T 270,19991,1.7007653444049824,0.90040518233204936,0.1500675303886749,0.35015757090690808,0.80036016207293281,0.1500675303886749,0.0,0.0,0.1500675303886749,0.0,0.0,0.0,0.0,0.0,5,"Guṇabhadra, Baoyun, Puti, and Fayong"
T 353,11287,0.26579250465136883,0.0,0.0,0.088597501550456287,1.5061575263577569,0.0,0.0,0.0,0.0,0.0,0.0,0.0,0.0,0.0,5,"Guṇabhadra, Baoyun, Puti, and Fayong"
T 430,1307,0.0,0.0,0.0,0.0,0.0,0.0,0.0,0.0,0.0,0.0,0.0,0.0,0.0,0.0,5,"Guṇabhadra, Baoyun, Puti, and Fayong"
T 670,59190,0.52373711775637777,0.4899476262882243,0.21963169454299711,0.69268457509714476,3.5141071126879537,0.0,0.0,0.0,0.0,0.0,0.0,0.0,0.0,0.0,5,"Guṇabhadra, Baoyun, Puti, and Fayong"
T 120,49636,1.0476267225400919,0.46337335804657909,0.10073333870577807,0.18132000967040052,1.0879200580224031,0.060440003223466841,0.0,0.0,0.060440003223466841,0.0,0.0,0.0,0.0,0.0,5,"Guṇabhadra, Baoyun, Puti, and Fayong"
T 189,56429,0.83290506654379837,0.58480568502011376,0.42531322546917361,1.1164472168565809,0.44303460986372256,0.0531641531836467,0.0,0.0,0.0708855375781956,0.0,0.0,0.0,0.0,0.0,5,"Guṇabhadra, Baoyun, Puti, and Fayong"
T 678,7039,0.28413126864611449,0.0,0.28413126864611449,0.0,4.9722972013070041,0.0,0.0,0.0,0.0,0.0,0.0,0.0,0.0,0.0,5,"Guṇabhadra, Baoyun, Puti, and Fayong"
T 452,4350,0.22988505747126436,0.0,0.0,0.0,1.1494252873563218,0.0,0.0,0.0,0.22988505747126436,0.0,0.0,0.0,0.0,0.0,5,Juqu
T 620,18655,0.053604931653712141,0.053604931653712141,0.0,0.32162958992227286,0.0,0.053604931653712141,0.0,0.0,0.053604931653712141,0.0,0.0,0.0,0.0,0.0,5,Juqu
T 414,59500,0.65546218487394958,0.23529411764705882,0.033613445378151259,0.23529411764705882,0.13445378151260504,0.01680672268907563,0.0,0.0,0.033613445378151259,0.0,0.0,0.0,0.0,0.0,5,Guṇabharman and Shi Xuanqing
T 1014,6530,0.30627871362940273,0.0,0.0,0.15313935681470137,0.76569678407350694,0.0,0.0,0.0,0.0,0.0,0.0,0.0,0.0,0.0,5,Guṇabharman and Shi Xuanqing
T 1439,16092,0.0,0.0,0.06214267959234402,0.18642803877703204,0.0,0.0,0.0,0.0,0.0,0.0,0.0,0.0,0.0,0.0,5,Sengqu
T 1437,18359,0.10893839533743667,0.0,0.0,0.0,0.0,0.0,0.0,0.0,0.10893839533743667,0.0,0.0,0.0,0.0,0.0,5,Faying
T 203,90439,0.099514589944603535,0.18797200322869559,0.14374329658664958,0.98408872278552384,0.30960094649432213,0.33171529981534514,0.0,0.0,0.08845741328409204,0.0,0.0,0.0,0.0,0.0,5,Kiṅkara and Tanyao
T 2058,45056,0.99875710227272729,0.35511363636363635,0.26633522727272724,0.55486505681818188,0.33291903409090906,0.11097301136363635,0.0,0.0,0.044389204545454544,0.0,0.0,0.0,0.0,0.0,5,Kiṅkara and Tanyao
T 1632,9947,0.0,1.1058610636372777,0.20106564793405046,1.4074595355383532,0.50266411983512616,0.10053282396702523,0.0,0.0,0.0,0.0,0.0,0.0,0.0,0.0,5,Kiṅkara and Tanyao
T 276,10831,0.830948204228603,0.0,0.0,0.46163789123811283,0.55396546948573533,0.0,0.0,0.0,0.0,0.0,0.0,0.0,0.0,0.0,5,Dharmāgatayaśas
T 1462,242991,0.36215333078179845,0.18930742290866739,0.30042264939853741,2.016535591853196,1.2140367338708018,0.045269166347724807,0.0,0.0,0.19753818042643553,0.0,0.0,0.0,0.0,0.0,5,Saṅghabhadra
T 209,23165,0.043168573278653144,0.17267429311461258,0.34534858622922515,0.21584286639326569,0.6906971724584503,0.30218001295057195,0.0,0.0,0.6043600259011439,0.0,0.0,0.0,0.0,0.0,5,Gunavaddhi