CSZJJ,taisho_no,subject_wu,subject_wo,subject_ru,past_tense_yi,past_tense_xi,present_tense_jin,future_tense_dang,future_tense_danglai,char_count,is_indiginous,error
四十二章經,T 784,0,2,1,6,1,2,4,0,0,1394,1,
陰持入經,T 603,0,6,0,0,167,0,0,19,0,14812,0,
大道地經,T 607,0,14,0,1,62,0,6,33,0,11523,0,
人本欲生經,T 14,0,2,0,0,52,0,0,43,0,8986,0,
阿毘曇五法經,T 1557,0,4,0,2,31,0,0,6,0,6048,0,
十報經,T 13,0,66,0,3,129,0,2,79,0,15109,0,
普法義經,T 98,0,14,0,0,64,0,0,43,0,4456,0,
漏分布經,T 57,0,0,0,6,13,0,0,119,0,3815,0,
四諦經,T 32,0,3,0,1,30,0,6,9,0,4886,0,
七處三觀經,T 150A,0,24,0,35,66,0,11,30,0,14703,0,
九橫經,T 150B,0,0,0,1,1,0,0,4,0,723,0,
八正道經,T 112,0,1,0,1,2,0,2,2,0,967,0,
五十校計經,T 397 (13),0,82,9,121,4,0,8,120,0,14434,0,
大安般經,T 602,0,13,0,18,61,0,12,112,0,20832,1,
五陰喻經,T 105,0,0,0,2,0,0,0,9,0,1084,0,
轉法輪經,T 109,2,0,0,11,9,1,1,8,0,982,0,
流攝經,T 31,0,10,0,9,28,0,0,7,0,2419,0,
是法非法經,T 48,0,10,0,1,3,0,0,5,0,1878,0,
法受塵經,T 792,2,0,0,2,1,0,0,4,0,540,0,
本相猗致經,T 36,0,0,0,0,17,0,3,0,0,1215,0,
阿鋡口解,T 1508,0,3,0,2,23,0,2,12,0,4509,0,
禪行法想經,T 605,0,1,0,4,1,0,0,0,0,487,0,
般若道行品經,T 224 (1),0,34,0,38,22,0,5,115,0,11577,0,
般若道行品經,T 224 (2),0,43,2,64,25,1,6,64,0,13821,0,
般若道行品經,T 224 (3),0,12,0,41,40,0,19,54,0,10966,0,
般若道行品經,T 224 (4),0,23,1,22,16,0,13,84,0,9874,0,
般若道行品經,T 224 (5),0,22,0,70,4,0,11,40,0,10848,0,
般若道行品經,T 224 (6),0,50,6,17,9,1,6,55,0,8048,0,
般若道行品經,T 224 (7),0,61,0,19,15,0,9,101,0,9414,0,
般若道行品經,T 224 (8),0,44,6,66,7,0,6,68,0,9457,0,
般若道行品經,T 224 (9),0,54,41,65,16,0,17,122,0,10365,0,
般若道行品經,T 224 (10),0,32,44,52,15,0,21,49,0,7528,0,
般舟般三昧經,T 418 (1),1,32,3,69,14,0,14,39,0,9257,0,
般舟般三昧經,T 418 (2),1,34,2,66,17,1,12,124,0,10307,0,
般舟般三昧經,T 418 (3),2,26,3,41,18,3,8,66,0,8691,0,
伅真陀羅經,T 624 (1),3,24,0,125,105,0,22,16,0,13430,0,
伅真陀羅經,T 624 (2),1,7,0,86,32,0,5,47,0,10641,0,
伅真陀羅經,T 624 (3),14,35,1,104,84,0,56,60,0,13760,0,
方等部古品曰遺日說般若經,T 350,1,41,4,27,6,0,4,36,0,9202,0,
阿闍世王經,T 626 (1),12,48,15,91,8,0,25,71,0,15902,0,
阿闍世王經,T 626 (2),8,84,9,198,56,0,42,116,0,17796,0,
問署經,T 458,2,76,6,74,40,0,13,131,0,12630,0,
兜沙經,T 280,0,43,0,48,2,0,3,3,0,3008,0,
阿閦佛國經,T 313 (1),0,83,6,138,15,29,20,27,0,12491,0,
阿閦佛國經,T 313 (2),0,39,3,116,41,11,0,111,0,11293,0,
內藏百品經,T 807,0,3,0,20,2,0,8,14,0,4953,0,
成具光明經,T 630,1,45,11,41,47,1,34,71,0,14312,0,
法鏡經,T 322,8,94,12,37,34,4,11,76,0,13396,0,
中本起經,T 196 (1),56,41,25,33,25,6,60,47,0,15009,0,
中本起經,T 196 (2),48,45,18,41,27,7,40,47,0,14011,0,
法句經,T 210 (1),1,8,0,17,17,2,4,25,0,11933,0,
法句經,T 210 (2),3,27,4,28,43,0,5,30,0,12379,0,
維摩詰經,T 474 (1),16,138,27,128,67,17,9,67,0,16634,0,
維摩詰經,T 474 (2),23,35,22,112,36,5,8,49,0,17041,0,
大般泥洹經,T 6,42,87,51,136,110,13,38,193,0,27175,0,
瑞應本起經,T 185 (1),32,37,21,27,13,2,13,38,0,9344,0,
瑞應本起經,T 185 (2),7,48,11,30,24,4,31,31,0,8875,0,
慧印經,T 632,12,44,0,114,31,0,13,67,0,13638,0,
本業經,T 281,1,4,3,45,9,1,8,177,0,7676,0,
梵摩渝經,T 76,31,3,0,20,5,0,11,11,0,4976,0,
私阿末經,T 532,13,27,1,39,14,0,13,55,0,7081,0,
微密持經,T 1011,1,2,2,16,8,2,3,15,0,3147,0,
阿彌陀經,T 362 (1),0,75,7,243,50,1,18,37,0,17516,0,
阿彌陀經,T 362 (2),0,43,8,103,6,0,24,128,0,14113,0,
月明童子經,T 169,0,1,0,0,3,0,1,9,0,1691,0,
義足經,T 198 (1),3,89,23,20,39,0,30,46,0,12543,0,
義足經,T 198 (2),1,57,5,68,62,0,31,47,0,12974,0,
阿難四事經,T 493,7,2,5,6,0,0,1,20,0,1983,0,
差摩竭經,T 533,0,1,0,4,4,0,1,5,0,1613,0,
七女經,T 556,0,29,6,10,6,1,13,22,0,3795,0,
八師經,T 581,28,1,0,2,0,0,3,6,0,2340,0,
釋摩男經,T 54,0,22,0,15,1,0,2,9,0,2227,0,
孛抄經,T 790,3,66,11,19,15,1,36,57,0,12247,0,
明度經,T 225 (1),22,14,4,30,20,3,2,48,0,9639,0,
明度經,T 225 (2),1,41,0,60,14,2,13,82,0,10373,0,
明度經,T 225 (3),4,30,1,37,14,0,16,50,0,10488,0,
明度經,T 225 (4),1,48,1,41,14,0,9,58,0,12305,0,
明度經,T 225 (5),4,48,0,71,10,2,8,115,0,10976,0,
明度經,T 225 (6),10,52,1,81,11,0,22,48,0,8893,0,
老女人經,T 559,0,4,0,8,1,1,2,4,0,1309,0,
齋經,T 87,0,6,0,3,3,0,3,19,0,2073,0,
四願經,T 735,0,12,2,6,1,0,1,8,0,2711,0,
悔過經,T 1492,0,2,0,30,1,0,6,26,0,2535,0,
了本生死經,T 708,2,31,0,7,5,0,0,9,0,2737,0,
龍施女經,T 557,0,11,4,3,0,0,8,8,0,1350,0,
賴吒和羅經,T 68,0,87,31,19,10,0,12,35,0,6085,0,
六度集經,T 152 (1),122,10,5,28,3,13,24,19,0,9175,0,
六度集經,T 152 (2),84,23,14,20,4,5,41,20,0,8761,0,
六度集經,T 152 (3),64,9,6,31,1,11,10,17,0,9680,0,
六度集經,T 152 (4),102,3,12,32,10,18,38,14,0,12995,0,
六度集經,T 152 (5),155,9,8,37,8,16,34,19,0,13574,0,
六度集經,T 152 (6),93,15,4,35,10,22,27,30,0,12057,0,
六度集經,T 152 (7),48,5,0,31,4,7,14,18,0,8807,0,
六度集經,T 152 (8),85,16,11,57,10,9,24,49,0,13435,0,
放光經,T 221 (1),3,32,1,123,21,0,13,122,0,11470,0,
放光經,T 221 (2),6,35,4,164,27,0,4,115,0,15630,0,
放光經,T 221 (3),4,51,7,58,16,0,3,80,0,13396,0,
放光經,T 221 (4),5,10,3,229,27,0,2,60,0,15052,0,
放光經,T 221 (5),19,54,5,103,7,0,7,65,0,13782,0,
放光經,T 221 (6),6,71,3,145,12,1,8,138,0,14081,0,
放光經,T 221 (7),0,39,6,169,29,0,18,86,0,15365,0,
放光經,T 221 (8),0,24,8,117,22,0,19,97,0,12222,0,
放光經,T 221 (9),15,41,5,87,31,0,9,75,0,14591,0,
放光經,T 221 (10),0,29,3,89,52,0,12,86,0,13521,0,
放光經,T 221 (11),4,24,2,101,9,0,15,42,0,12833,0,
放光經,T 221 (12),2,38,7,106,11,0,17,62,0,11804,0,
放光經,T 221 (13),8,61,7,100,26,0,15,118,0,13861,0,
放光經,T 221 (14),8,61,7,100,26,0,15,118,0,13861,0,
放光經,T 221 (15),1,63,16,122,25,0,19,84,0,13758,0,
放光經,T 221 (16),3,23,5,179,42,0,6,149,0,17403,0,
放光經,T 221 (17),2,33,1,173,32,0,0,77,0,15779,0,
放光經,T 221 (18),6,21,18,143,10,0,2,47,0,14336,0,
放光經,T 221 (19),6,40,31,107,29,0,4,42,0,13625,0,
放光經,T 221 (20),3,105,36,149,35,1,25,108,0,13636,0,
光讚經,T 222 (1),16,27,1,155,10,0,8,115,0,16418,0,
光讚經,T 222 (2),3,20,0,135,21,0,4,52,0,17473,0,
光讚經,T 222 (3),3,46,0,70,8,0,3,130,0,10743,0,
光讚經,T 222 (4),15,50,1,46,12,0,3,25,0,12843,0,
光讚經,T 222 (5),12,22,0,89,11,0,0,42,0,12410,0,
光讚經,T 222 (6),1,4,0,172,9,0,0,13,0,14604,0,
光讚經,T 222 (7),6,10,1,130,16,0,9,23,0,10498,0,
光讚經,T 222 (8),10,22,2,64,1,0,10,21,0,9247,0,
光讚經,T 222 (9),18,27,2,99,3,0,5,24,0,11234,0,
光讚經,T 222 (10),4,26,0,118,14,1,5,89,0,11388,0,
賢劫經,T 425 (1),9,25,2,165,23,0,12,28,0,16681,0,
賢劫經,T 425 (2),4,13,1,66,10,1,3,6,0,13500,0,
賢劫經,T 425 (2),0,7,0,51,6,9,0,4,0,15269,0,
賢劫經,T 425 (4),4,7,0,88,5,8,3,4,0,11552,0,
賢劫經,T 425 (5),2,5,0,96,9,1,5,4,0,13381,0,
賢劫經,T 425 (6),1,1,1,52,1,0,3,11,0,12031,0,
賢劫經,T 425 (7),0,1,0,13,3,0,3,3,0,13997,0,
賢劫經,T 425 (8),6,7,2,50,7,3,13,25,0,12224,0,
正法華經,T 263 (1),44,24,0,207,28,2,46,68,0,17486,0,
正法華經,T 263 (2),22,31,3,115,17,2,32,61,0,11497,0,
正法華經,T 263 (3),34,48,6,116,14,1,36,81,0,14139,0,
正法華經,T 263 (4),14,14,3,117,14,3,26,35,0,10228,0,
正法華經,T 263 (5),13,17,2,66,12,3,20,57,0,7976,0,
正法華經,T 263 (6),35,37,5,130,16,2,31,87,0,13595,0,
正法華經,T 263 (7),30,23,2,138,23,2,30,47,0,13319,0,
正法華經,T 263 (8),2,3,0,113,15,0,6,30,0,11724,0,
正法華經,T 263 (9),16,19,3,135,16,1,21,35,0,10823,0,
正法華經,T 263 (10),6,28,8,86,15,1,10,38,0,10005,0,
普耀經,T 186 (1),3,10,3,137,10,2,9,11,0,9610,0,
普耀經,T 186 (2),4,19,0,89,6,0,20,32,0,12390,0,
普耀經,T 186 (3),23,32,5,111,11,1,22,44,0,12775,0,
普耀經,T 186 (4),22,32,4,60,24,1,23,33,0,8945,0,
普耀經,T 186 (5),17,27,4,119,18,0,45,41,0,14176,0,
普耀經,T 186 (6),19,23,8,53,9,2,37,19,0,8966,0,
普耀經,T 186 (7),28,26,4,74,24,1,32,36,0,9130,0,
普耀經,T 186 (8),29,37,13,68,24,1,40,28,0,12024,0,
大哀經,T 398 (1),8,3,2,137,28,1,9,11,0,8635,0,
大哀經,T 398 (2),5,5,1,101,5,0,5,15,0,11289,0,
大哀經,T 398 (3),24,13,0,82,20,0,2,50,0,11089,0,
大哀經,T 398 (4),0,1,0,45,1,0,2,24,0,7044,0,
大哀經,T 398 (5),1,9,1,79,18,0,7,7,0,7951,0,
大哀經,T 398 (6),2,5,2,131,12,0,6,28,0,8916,0,
大哀經,T 398 (7),0,8,1,181,13,0,1,6,0,7952,0,
大哀經,T 398 (8),15,15,3,93,19,0,10,33,0,9984,0,
度世品經,T 292 (1),1,0,0,232,9,2,9,25,0,10628,0,
度世品經,T 292 (2),16,6,0,258,10,1,9,51,0,12878,0,
度世品經,T 292 (3),12,3,0,219,4,1,5,15,0,11408,0,
度世品經,T 292 (4),3,2,0,222,3,1,0,19,0,11789,0,
度世品經,T 292 (5),5,12,0,204,14,1,2,19,0,12817,0,
度世品經,T 292 (6),10,8,2,125,15,2,11,23,0,14072,0,
密迹經,T 310 (3),4,6,1,91,2,0,11,20,0,8539,0,
持心經,T 585 (1),35,24,3,169,22,1,5,52,0,17236,0,
持心經,T 585 (2),34,9,6,183,16,1,11,50,0,17324,0,
持心經,T 585 (3),30,22,0,112,11,2,11,32,0,14395,0,
持心經,T 585 (4),15,24,3,129,18,1,10,65,0,13748,0,
修行經,T 606 (1),16,6,0,54,16,2,6,39,0,13076,0,
修行經,T 606 (2),8,21,0,44,14,0,7,55,0,11185,0,
修行經,T 606 (3),30,21,1,67,14,3,14,55,0,15076,0,
修行經,T 606 (4),93,143,5,62,18,2,23,52,0,11559,0,
修行經,T 606 (5),19,28,2,52,44,0,13,57,0,13009,0,
修行經,T 606 (6),18,7,1,38,29,0,7,18,0,8357,0,
修行經,T 606 (7),21,23,9,35,6,10,9,24,0,11639,0,
漸備一切智經,T 285 (1),24,15,1,182,27,0,8,49,0,16630,0,
漸備一切智經,T 285 (2),3,8,0,64,32,0,5,7,0,7432,0,
漸備一切智經,T 285 (3),7,16,0,100,29,1,2,15,0,8955,0,
漸備一切智經,T 285 (4),4,4,1,192,14,0,3,28,0,18023,0,
漸備一切智經,T 285 (5),10,4,0,170,12,0,9,7,0,12683,0,
生經,T 154 (1),58,56,8,85,8,1,43,55,0,13807,0,
生經,T 154 (2),18,31,19,86,19,3,24,67,0,13263,0,
生經,T 154 (3),38,30,9,116,9,1,39,28,0,13293,0,
生經,T 154 (4),22,13,3,59,10,11,19,30,0,11809,0,
生經,T 154 (5),41,73,23,87,16,11,63,38,0,13874,0,
海龍王經,T 598 (1),14,28,1,164,24,0,10,11,0,11493,0,
海龍王經,T 598 (2),5,10,1,152,11,0,16,14,0,11491,0,
海龍王經,T 598 (3),32,19,11,153,25,1,10,45,0,12714,0,
海龍王經,T 598 (4),18,37,7,122,17,0,18,42,0,12404,0,
普超經,T 627 (1),18,19,3,194,22,2,21,44,0,12951,0,
普超經,T 627 (2),27,14,4,169,23,1,27,47,0,15319,0,
普超經,T 627 (3),55,33,11,169,24,1,22,85,0,14981,0,
維摩鞊經,T 477,8,14,0,137,3,1,19,35,0,13358,0,
阿惟越致遮經,T 266 (1),28,9,7,122,12,1,25,28,0,15557,0,
阿惟越致遮經,T 266 (2),41,29,3,166,24,1,31,31,0,18031,0,
阿惟越致遮經,T 266 (3),16,15,3,69,9,0,30,54,0,12265,0,
嚴淨佛土經,T 318 (1),7,26,5,62,9,0,18,31,0,10255,0,
嚴淨佛土經,T 318 (2),20,28,2,85,13,2,19,40,0,10677,0,
阿耨達經,T 635 (1),6,8,3,100,26,0,2,30,0,9316,0,
阿耨達經,T 635 (2),10,19,4,107,7,0,1,20,0,8552,0,
阿耨達經,T 635 (3),11,4,1,88,9,0,2,25,0,9016,0,
阿耨達經,T 635 (4),12,5,2,79,14,0,9,36,0,7868,0,
寶藏經,T 461 (1),23,52,5,103,12,4,12,21,0,13270,0,
寶藏經,T 461 (2),34,104,10,138,44,1,13,36,0,12756,0,
要集經,T 810 (1),17,25,8,149,15,0,10,53,0,12660,0,
要集經,T 810 (2),26,36,3,216,6,0,30,56,0,15782,0,
等集眾德三昧經,T 381 (1),5,10,1,59,18,1,8,33,0,9739,0,
等集眾德三昧經,T 381 (2),13,15,0,105,9,1,14,28,0,9464,0,
等集眾德三昧經,T 381 (3),8,13,2,100,32,0,2,55,0,9372,0,
離垢施女經,T 338,15,35,5,109,12,0,18,40,0,14860,0,
郁迦長者經,T 323,9,107,5,128,19,0,7,181,0,14203,0,
大淨法門經,T 817 ,38,34,24,94,36,1,23,49,0,16875,0,
須真天子經,T 588 (1),2,3,1,69,62,0,2,7,0,8469,0,
須真天子經,T 588 (2),7,10,0,46,14,0,0,1,0,6789,0,
須真天子經,T 588 (3),2,7,0,48,39,0,0,10,0,9356,0,
須真天子經,T 588 (4),3,4,0,26,15,0,2,9,0,6192,0,
幻士仁賢經,T 324 ,3,40,4,72,21,1,31,22,0,11393,0,
魔逆經,T 589 ,33,27,2,97,12,0,15,44,0,14027,0,
濟諸方等經,T 274 ,15,9,0,94,13,0,8,50,0,8747,0,
德光太子經,T 170,11,65,8,115,16,0,26,56,0,11579,0,
文殊師利淨律經,T 460 ,10,10,3,63,11,0,3,17,0,8178,0,
決總持經,T 811 ,1,3,2,34,10,0,8,17,0,5180,0,
寶女經,T 399 (1),8,17,2,105,10,0,6,9,0,9809,0,
寶女經,T 399 (2),10,4,2,60,4,0,4,19,0,7919,0,
寶女經,T 399 (3),1,4,0,187,40,0,1,19,0,10481,0,
寶女經,T 399 (4),7,7,5,70,4,0,5,17,0,7906,0,
如來興顯經,T 291 (1),4,2,0,125,14,0,17,11,0,8843,0,
如來興顯經,T 291 (2),1,5,0,105,16,1,3,10,0,10707,0,
如來興顯經,T 291 (3),9,8,0,129,9,0,3,21,0,10282,0,
如來興顯經,T 291 (4),8,6,0,158,9,0,6,24,0,10195,0,
首意女經,T 567,6,5,10,15,3,1,3,5,0,3371,0,
月明童子經,T 534 ,16,20,6,24,13,3,13,20,0,4714,0,
五十緣身行,T 812 ,0,4,0,28,3,0,0,5,0,3552,0,
四自侵經,T 736 ,1,2,1,5,5,0,2,14,0,2745,0,
須摩經,T 334,1,22,5,19,4,0,9,25,0,4447,0,
方等泥洹經,T 378 (1),13,96,23,88,34,0,65,69,0,14023,0,
方等泥洹經,T 378 (2),3,38,13,190,36,0,16,41,0,12056,0,
大善權經,T 345 (1),27,18,3,63,23,2,8,34,0,9398,0,
大善權經,T 345 (2),25,10,6,44,12,5,13,46,0,8068,0,
無言童子經,T 401 (1),13,9,3,92,20,1,7,26,0,10942,0,
無言童子經,T 401 (2),26,28,7,141,2,2,15,40,0,12850,0,
頂王經,T 477 ,8,14,0,137,3,1,19,35,0,13358,0,
聖法印經,T 103 ,2,3,1,6,1,0,0,1,0,781,0,
移山經,T 135 ,6,5,5,20,5,1,5,22,0,2875,0,
文殊師利五體悔過經,T 459,31,19,0,182,24,0,18,44,0,11923,0,
持人菩薩經,T 481 (1),4,4,0,113,4,4,10,17,0,8046,0,
持人菩薩經,T 481 (2),1,9,0,98,10,0,9,15,0,7810,0,
持人菩薩經,T 481 (3),2,9,0,72,10,0,3,10,0,6553,0,
持人菩薩經,T 481 (4),2,4,5,98,7,0,5,20,0,7599,0,
滅十方冥經,T 435 ,1,7,3,24,5,0,15,20,0,3583,0,
彌勒成佛經,T 453 ,2,30,6,39,12,1,17,24,0,4558,0,
琉璃王經,T 513 ,8,7,2,11,5,0,2,16,0,4177,0,
寶罔童子經,T 433,12,13,1,191,18,0,14,42,0,14626,0,
順權方便經,T 565 (1),13,23,2,58,12,1,15,9,0,8602,0,
順權方便經,T 565 (2),6,33,2,67,18,0,24,31,0,9728,0,
五百弟子本起經,T 199 ,23,193,3,64,49,19,22,34,0,16042,0,
普門經,T 315,9,17,1,82,17,1,11,29,0,12368,0,
如幻三昧經,T 342 (1),28,42,13,236,21,4,23,55,0,18568,0,
如幻三昧經,T 342 (2),43,53,1,147,7,0,18,62,0,18182,0,
彌勒本願經,T 349,0,28,2,35,13,0,2,10,0,4761,0,
胞胎經,T 317,5,10,2,38,0,0,3,39,0,8509,0,
十地經,T 283,0,96,7,0,37,0,0,67,0,10191,0,
太子慕魄經,T 168,0,17,2,3,4,1,5,16,0,1618,0,
四不可得經,T 770,8,5,0,11,1,0,4,3,0,2730,0,
當來變經,T 395,1,0,0,7,2,0,0,3,0,1117,0,
乳光經,T 809,0,42,7,8,10,1,9,26,0,4020,0,
心明女梵志婦飯汁施經,T 569,2,2,0,9,2,0,3,4,0,1832,0,
鴦掘摩經,T 118,8,13,5,13,9,1,11,10,0,3188,0,
摩調王經,T 152 (87),10,1,0,8,0,1,3,7,0,1703,0,
象出經,T 813,25,24,4,131,17,1,23,42,0,13023,0,
所欲致患經,T 737,4,2,2,46,3,0,3,3,0,3568,0,
獨證自誓三昧經,T 623,4,5,8,26,6,2,7,14,0,3992,0,
過去佛分衛經,T 180,0,11,0,4,2,0,3,5,0,773,0,
阿差末經,T 403 (1),5,7,1,87,16,1,6,12,0,7983,0,
阿差末經,T 403 (2),7,14,0,41,6,0,1,15,0,8307,0,
阿差末經,T 403 (3),4,7,0,84,15,0,2,6,0,7588,0,
阿差末經,T 403 (4),1,10,0,77,12,0,6,10,0,7968,0,
阿差末經,T 403 (5),3,3,0,66,4,3,1,17,0,6997,0,
阿差末經,T 403 (6),12,10,0,62,11,0,0,19,0,7430,0,
阿差末經,T 403 (7),9,20,3,67,5,1,11,22,0,6251,0,
無極寶經,T 636 (1),1,30,5,89,19,2,17,48,0,10247,0,
無極寶經,T 636 (2),1,15,0,97,12,1,11,42,0,8611,0,
阿述達經,T 337,3,23,8,39,6,1,9,42,0,11393,0,
等目菩薩經,T 288 (1),8,2,6,154,11,0,5,21,0,9188,0,
等目菩薩經,T 288 (2),1,3,0,163,9,0,1,16,0,8692,0,
等目菩薩經,T 288 (3),1,9,0,237,2,0,0,9,0,11909,0,
迦葉本經,T 496,7,10,4,25,4,0,17,17,0,2898,0,
龍施經,T 558,2,12,3,10,7,0,19,7,0,2630,0,
鹿母經,T 182,4,7,7,0,1,2,5,6,0,1689,0,
超日明經,T 638 (1),14,24,0,96,16,0,2,7,0,17304,0,
超日明經,T 638 (2),15,23,0,61,22,0,7,24,0,13819,0,
樓炭經,T 23 (1),0,17,1,42,44,0,6,5,0,8867,0,
樓炭經,T 23 (2),0,34,18,12,30,5,8,25,0,10019,0,
樓炭經,T 23 (3),0,82,10,43,8,0,15,21,0,10765,0,
樓炭經,T 23 (4),0,28,5,58,14,4,12,7,0,10654,0,
樓炭經,T 23 (5),1,26,1,98,11,6,2,32,0,8566,0,
樓炭經,T 23 (6),0,16,1,13,14,3,4,11,0,8460,0,
法句本末經,T 211 (1),32,29,18,60,34,33,31,64,0,16494,0,
法句本末經,T 211 (2),20,28,9,39,23,19,37,40,0,12129,0,
法句本末經,T 211 (3),17,51,20,40,32,26,29,41,0,14930,0,
法句本末經,T 211 (4),10,28,12,35,31,17,22,31,0,11712,0,
福田經,T 683,2,15,2,7,6,1,4,4,0,3543,0,
摩訶鉢羅若波羅蜜經抄,T 226 (1),0,40,1,33,17,0,6,77,0,10224,0,
摩訶鉢羅若波羅蜜經抄,T 226 (2),0,32,1,36,16,1,15,57,0,12459,0,
摩訶鉢羅若波羅蜜經抄,T 226 (3),0,12,0,40,19,0,16,53,0,10685,0,
摩訶鉢羅若波羅蜜經抄,T 226 (4),0,38,2,28,15,0,21,59,0,12722,0,
摩訶鉢羅若波羅蜜經抄,T 226 (5),0,49,0,24,12,0,7,66,0,10315,0,
雜阿毘曇毘婆沙,T 1547 (1),1,31,4,15,71,0,4,49,0,11929,0,
雜阿毘曇毘婆沙,T 1547 (2),0,33,2,26,79,0,3,22,0,13670,0,
雜阿毘曇毘婆沙,T 1547 (3),0,38,13,26,64,0,3,41,0,15367,0,
雜阿毘曇毘婆沙,T 1547 (4),0,35,17,23,134,1,9,82,0,15791,0,
雜阿毘曇毘婆沙,T 1547 (5),0,24,0,11,24,0,8,26,0,11173,0,
雜阿毘曇毘婆沙,T 1547 (6),1,30,6,29,55,0,6,32,0,13640,0,
雜阿毘曇毘婆沙,T 1547 (7),0,71,7,4,66,0,7,68,0,15388,0,
雜阿毘曇毘婆沙,T 1547 (8),0,35,7,17,47,0,2,38,0,11117,0,
雜阿毘曇毘婆沙,T 1547 (9),0,74,13,34,92,2,1,87,0,12030,0,
雜阿毘曇毘婆沙,T 1547 (10),0,7,1,21,135,0,0,57,0,13918,0,
雜阿毘曇毘婆沙,T 1547 (11),0,42,15,30,117,0,6,66,0,16820,0,
雜阿毘曇毘婆沙,T 1547 (12),0,34,10,26,111,0,2,95,0,15615,0,
雜阿毘曇毘婆沙,T 1547 (13),0,59,8,13,31,6,6,78,0,12530,0,
雜阿毘曇毘婆沙,T 1547 (14),0,44,8,39,87,0,8,51,0,12763,0,
婆須蜜,T 1549 (1),5,48,9,68,31,0,23,75,0,15259,0,
婆須蜜,T 1549 (2),4,23,2,86,39,3,15,91,0,14621,0,
婆須蜜,T 1549 (3),6,32,5,74,10,1,4,63,0,14540,0,
婆須蜜,T 1549 (4),9,27,5,90,16,0,5,72,0,15629,0,
婆須蜜,T 1549 (5),2,27,6,66,18,5,10,197,0,18776,0,
婆須蜜,T 1549 (6),4,73,11,64,18,5,4,38,0,10731,0,
婆須蜜,T 1549 (7),16,57,1,66,29,0,2,42,0,11043,0,
婆須蜜,T 1549 (8),1,33,4,123,59,5,32,174,0,24130,0,
婆須蜜,T 1549 (9),1,12,0,149,19,2,8,71,0,14656,0,
婆須蜜,T 1549 (10),0,38,5,121,48,1,6,17,0,14634,0,
僧伽羅剎集經,T 194 (1),3,58,4,66,39,5,27,47,0,13667,0,
僧伽羅剎集經,T 194 (2),0,12,0,115,49,4,13,40,0,16831,0,
僧伽羅剎集經,T 194 (3),1,98,21,83,50,1,62,102,0,17904,0,
四阿鋡暮抄經,T 1505 (1),1,43,1,0,44,0,4,51,0,18317,0,
四阿鋡暮抄經,T 1505 (2),1,34,1,10,46,0,4,19,0,17435,0,
增一阿鋡經,T 125 (1),13,22,7,110,15,3,32,98,0,8782,0,
增一阿鋡經,T 125 (2),10,10,10,200,33,0,5,80,0,6149,0,
增一阿鋡經,T 125 (3),0,29,1,62,3,0,3,24,0,8171,0,
增一阿鋡經,T 125 (4),2,20,15,125,43,2,14,68,0,7882,0,
增一阿鋡經,T 125 (5),7,87,15,102,57,0,13,59,0,9178,0,
增一阿鋡經,T 125 (6),7,66,18,42,25,3,28,43,0,9105,0,
增一阿鋡經,T 125 (7),9,53,17,178,70,3,32,89,0,13077,0,
增一阿鋡經,T 125 (8),10,43,18,77,23,2,38,48,0,8444,0,
增一阿鋡經,T 125 (9),10,40,34,74,33,2,30,58,0,11178,0,
增一阿鋡經,T 125 (10),1,48,9,58,33,1,26,33,0,6925,0,
增一阿鋡經,T 125 (11),11,62,21,89,44,1,45,60,0,9490,0,
增一阿鋡經,T 125 (12),2,34,9,108,8,0,21,83,0,13667,0,
增一阿鋡經,T 125 (13),6,75,13,63,31,2,46,55,0,11342,0,
增一阿鋡經,T 125 (14),17,80,30,48,40,5,50,51,0,9578,0,
增一阿鋡經,T 125 (15),25,54,28,32,35,1,36,64,0,9169,0,
增一阿鋡經,T 125 (16),14,89,32,79,32,2,71,80,0,11291,0,
增一阿鋡經,T 125 (17),0,39,1,68,23,1,15,50,0,8199,0,
增一阿鋡經,T 125 (18),1,69,15,88,34,2,65,83,0,11138,0,
增一阿鋡經,T 125 (19),2,40,13,79,28,0,35,61,0,10464,0,
增一阿鋡經,T 125 (20),0,84,48,38,53,1,59,75,0,14425,0,
增一阿鋡經,T 125 (21),1,19,6,67,4,6,27,51,0,7514,0,
增一阿鋡經,T 125 (22),2,54,38,58,30,1,51,41,0,11794,0,
增一阿鋡經,T 125 (23),8,179,23,104,55,9,72,93,0,15540,0,
增一阿鋡經,T 125 (24),1,74,47,65,46,1,86,119,0,15026,0,
增一阿鋡經,T 125 (25),5,55,13,67,45,2,72,76,0,14590,0,
增一阿鋡經,T 125 (26),12,77,42,131,45,8,85,103,0,17156,0,
增一阿鋡經,T 125 (27),2,46,28,45,26,0,42,53,0,7800,0,
增一阿鋡經,T 125 (28),7,94,24,68,14,1,88,72,0,11549,0,
增一阿鋡經,T 125 (29),7,31,24,46,19,0,35,41,0,7768,0,
增一阿鋡經,T 125 (30),1,85,38,33,10,0,58,43,0,9091,0,
增一阿鋡經,T 125 (31),9,81,28,43,33,4,65,57,0,10260,0,
增一阿鋡經,T 125 (32),11,66,32,59,37,2,59,70,0,10612,0,
增一阿鋡經,T 125 (33),12,24,30,57,48,1,58,86,0,13178,0,
增一阿鋡經,T 125 (34),10,30,25,43,37,1,45,85,0,11340,0,
增一阿鋡經,T 125 (35),8,74,29,63,25,3,42,68,0,10252,0,
增一阿鋡經,T 125 (36),9,33,10,33,8,5,38,55,0,8336,0,
增一阿鋡經,T 125 (37),3,57,14,53,25,1,44,42,0,8226,0,
增一阿鋡經,T 125 (38),1,48,22,39,24,3,47,53,0,8100,0,
增一阿鋡經,T 125 (39),11,83,23,33,24,6,63,46,0,8142,0,
增一阿鋡經,T 125 (40),4,30,19,54,19,4,34,41,0,8725,0,
增一阿鋡經,T 125 (41),27,63,37,87,36,5,50,72,0,11554,0,
增一阿鋡經,T 125 (42),1,37,11,44,19,4,16,32,0,9988,0,
增一阿鋡經,T 125 (43),2,75,22,51,21,1,29,61,0,9245,0,
增一阿鋡經,T 125 (44),2,35,9,55,21,1,27,33,0,7466,0,
增一阿鋡經,T 125 (45),3,39,15,60,13,0,38,45,0,7120,0,
增一阿鋡經,T 125 (46),12,39,38,88,13,6,50,55,0,11627,0,
增一阿鋡經,T 125 (47),8,61,59,68,47,4,60,74,0,12589,0,
增一阿鋡經,T 125 (48),18,111,40,85,48,2,49,80,0,14175,0,
增一阿鋡經,T 125 (49),6,75,41,67,49,8,68,76,0,13582,0,
增一阿鋡經,T 125 (50),5,60,27,48,17,5,29,24,0,7598,0,
增一阿鋡經,T 125 (51),3,38,6,27,18,1,25,61,0,9201,0,
出曜經,T 212 (1),9,42,15,59,39,13,34,33,0,9826,0,
出曜經,T 212 (2),27,42,20,44,17,13,38,32,0,9353,0,
出曜經,T 212 (3),9,31,19,53,32,16,25,25,0,9482,0,
出曜經,T 212 (4),10,39,36,69,20,16,29,28,0,9107,0,
出曜經,T 212 (5),1,18,7,70,25,6,15,22,0,9755,0,
出曜經,T 212 (6),17,32,17,64,15,7,27,25,0,9500,0,
出曜經,T 212 (7),13,20,10,66,29,7,20,29,0,9229,0,
出曜經,T 212 (8),2,25,10,40,19,7,21,23,0,8590,0,
出曜經,T 212 (9),2,26,11,56,20,3,27,18,0,8624,0,
出曜經,T 212 (10),5,18,16,49,19,7,20,27,0,9944,0,
出曜經,T 212 (11),3,16,30,37,22,8,25,57,0,10105,0,
出曜經,T 212 (12),34,23,23,28,26,7,25,39,0,10162,0,
出曜經,T 212 (13),14,27,15,33,32,4,12,25,0,9106,0,
出曜經,T 212 (14),26,26,26,37,29,12,17,31,0,8053,0,
出曜經,T 212 (15),18,20,9,34,25,7,13,44,0,8114,0,
出曜經,T 212 (16),22,71,24,25,23,10,28,37,0,7978,0,
出曜經,T 212 (17),14,56,16,44,22,4,16,76,0,9248,0,
出曜經,T 212 (18),3,9,3,22,18,5,13,34,0,7471,0,
出曜經,T 212 (19),11,7,14,25,11,6,22,29,0,7745,0,
出曜經,T 212 (20),10,52,1,42,22,8,19,27,0,9073,0,
出曜經,T 212 (21),11,41,2,58,29,4,16,39,0,9824,0,
出曜經,T 212 (22),3,18,5,25,7,5,14,33,0,9266,0,
出曜經,T 212 (23),5,31,5,49,5,9,35,25,0,9103,0,
出曜經,T 212 (24),1,43,14,29,5,6,18,59,0,8395,0,
出曜經,T 212 (25),9,29,12,35,7,6,30,68,0,9889,0,
出曜經,T 212 (26),2,4,3,42,5,2,12,19,0,8691,0,
出曜經,T 212 (27),1,8,2,40,2,4,6,22,0,9129,0,
出曜經,T 212 (28),5,31,12,44,13,1,19,33,0,9724,0,
出曜經,T 212 (29),8,26,12,62,10,2,25,18,0,9466,0,
出曜經,T 212 (30),1,9,5,51,13,2,17,29,0,8506,0,
菩薩瓔珞經,T 656 (1),25,21,5,133,9,10,26,53,0,15973,1,
菩薩瓔珞經,T 656 (2),20,67,10,107,30,9,86,37,0,24148,1,
菩薩瓔珞經,T 656 (3),14,72,8,112,48,6,41,32,0,21475,1,
菩薩瓔珞經,T 656 (4),8,53,30,107,42,0,54,38,0,15764,1,
菩薩瓔珞經,T 656 (5),6,82,17,74,49,3,56,42,0,16483,1,
菩薩瓔珞經,T 656 (6),11,53,18,113,18,3,51,27,0,21598,1,
菩薩瓔珞經,T 656 (7),15,33,22,99,4,4,28,31,0,16509,1,
菩薩瓔珞經,T 656 (8),6,31,13,75,9,0,26,17,0,15871,1,
菩薩瓔珞經,T 656 (9),3,48,14,65,9,2,39,30,0,14625,1,
菩薩瓔珞經,T 656 (10),9,30,17,71,11,3,23,19,0,14484,1,
菩薩瓔珞經,T 656 (11),13,12,13,47,14,3,26,12,0,14065,1,
菩薩瓔珞經,T 656 (12),4,31,9,156,19,1,19,42,0,11126,1,
菩薩瓔珞經,T 656 (13),8,46,22,147,9,2,49,57,0,16492,1,
菩薩瓔珞經,T 656 (14),12,77,5,92,34,3,61,56,0,20834,1,
十住斷結經,T 309 (1),12,22,3,80,19,1,8,54,0,12026,1,
十住斷結經,T 309 (2),16,48,0,124,14,1,12,75,0,13670,1,
十住斷結經,T 309 (3),6,33,4,69,20,1,20,75,0,14808,1,
十住斷結經,T 309 (4),22,29,4,110,12,4,21,56,0,13767,1,
十住斷結經,T 309 (5),18,38,5,129,13,7,20,74,0,15238,1,
十住斷結經,T 309 (6),1,8,1,113,11,0,6,44,0,13305,1,
十住斷結經,T 309 (7),8,49,3,88,12,2,18,39,0,14695,1,
十住斷結經,T 309 (8),15,16,9,107,1,4,11,27,0,13458,1,
十住斷結經,T 309 (9),14,44,16,73,6,1,9,43,0,14853,1,
十住斷結經,T 309 (10),33,29,21,122,21,4,31,27,0,15396,1,
菩薩處胎經,T 384 (1),16,33,24,45,6,2,20,16,0,10148,0,
菩薩處胎經,T 384 (2),19,23,22,36,3,5,14,16,0,8963,0,
菩薩處胎經,T 384 (3),10,38,10,46,13,6,29,16,0,10820,0,
菩薩處胎經,T 384 (4),9,23,15,40,11,2,29,13,0,8785,0,
菩薩處胎經,T 384 (5),8,27,17,46,9,2,14,4,0,8693,0,
菩薩處胎經,T 384 (6),39,36,9,25,6,7,19,19,0,8351,0,
菩薩處胎經,T 384 (7),36,164,50,97,26,18,53,49,0,17161,0,
中陰經,T 385 (1),24,42,24,34,11,3,26,13,0,9547,0,
中陰經,T 385 (2),13,66,23,23,6,3,41,22,0,9502,0,
中阿鋡經,T 26 (1),0,38,36,62,140,0,0,31,0,11119,0,
中阿鋡經,T 26 (2),0,99,5,63,79,3,19,73,0,10954,0,
中阿鋡經,T 26 (3),0,95,45,32,66,0,16,49,0,14254,0,
中阿鋡經,T 26 (4),0,141,43,82,91,2,35,18,0,14608,0,
中阿鋡經,T 26 (5),0,118,45,133,90,0,9,62,0,11555,0,
中阿鋡經,T 26 (6),7,113,16,56,52,4,24,46,0,12708,0,
中阿鋡經,T 26 (7),0,96,12,165,50,0,1,18,0,15532,0,
中阿鋡經,T 26 (8),0,179,36,100,84,0,14,14,0,14306,0,
中阿鋡經,T 26 (9),0,194,27,43,89,0,19,17,0,14286,0,
中阿鋡經,T 26 (10),2,49,8,114,144,0,8,18,0,14160,0,
中阿鋡經,T 26 (11),1,126,15,47,56,5,23,25,0,11311,0,
中阿鋡經,T 26 (12),0,87,62,16,88,6,28,16,0,13112,0,
中阿鋡經,T 26 (13),16,113,44,59,77,7,54,61,0,9799,0,
中阿鋡經,T 26 (14),3,98,53,44,83,12,36,47,0,12416,0,
中阿鋡經,T 26 (15),0,78,28,30,77,4,15,40,0,11429,0,
中阿鋡經,T 26 (16),1,185,101,42,79,0,31,55,0,14202,0,
中阿鋡經,T 26 (17),0,299,44,32,101,3,42,42,0,12126,0,
中阿鋡經,T 26 (18),0,105,47,30,117,0,3,38,0,13829,0,
中阿鋡經,T 26 (19),0,216,81,88,56,4,15,33,0,14108,0,
中阿鋡經,T 26 (20),0,24,23,89,97,0,6,19,0,10683,0,
中阿鋡經,T 26 (21),0,59,73,110,20,0,6,40,0,9901,0,
中阿鋡經,T 26 (22),0,66,15,119,38,0,4,19,0,9773,0,
中阿鋡經,T 26 (23),0,126,8,136,18,0,3,39,0,12063,0,
中阿鋡經,T 26 (24),0,26,9,11,24,0,19,76,0,12277,0,
中阿鋡經,T 26 (25),0,86,28,29,51,0,6,34,0,10336,0,
中阿鋡經,T 26 (26),0,106,57,40,50,3,5,15,0,12274,0,
中阿鋡經,T 26 (27),0,104,14,63,61,0,4,27,0,10233,0,
中阿鋡經,T 26 (28),0,57,15,69,12,0,14,60,0,9344,0,
中阿鋡經,T 26 (29),0,98,21,76,91,3,11,17,0,13001,0,
中阿鋡經,T 26 (30),0,57,34,67,60,8,12,16,0,13632,0,
中阿鋡經,T 26 (31),0,121,43,12,46,2,38,21,0,9566,0,
中阿鋡經,T 26 (32),0,100,36,14,35,0,21,33,0,9038,0,
中阿鋡經,T 26 (33),0,195,47,29,77,8,17,67,0,16417,0,
中阿鋡經,T 26 (34),0,181,14,103,27,5,6,33,0,10238,0,
中阿鋡經,T 26 (35),0,76,55,68,76,5,11,13,0,10743,0,
中阿鋡經,T 26 (36),0,80,15,31,77,1,21,17,0,13050,0,
中阿鋡經,T 26 (37),0,84,37,38,21,1,7,7,0,12033,0,
中阿鋡經,T 26 (38),0,101,35,23,45,4,17,13,0,12304,0,
中阿鋡經,T 26 (39),0,93,19,37,47,9,21,19,0,10427,0,
中阿鋡經,T 26 (40),0,103,23,25,40,4,29,14,0,10432,0,
中阿鋡經,T 26 (41),0,34,9,14,57,2,8,0,0,9122,0,
中阿鋡經,T 26 (42),0,79,22,67,90,0,15,44,0,11414,0,
中阿鋡經,T 26 (43),0,64,18,73,91,0,6,39,0,13229,0,
中阿鋡經,T 26 (44),0,82,26,9,73,0,13,33,0,9599,0,
中阿鋡經,T 26 (45),0,22,5,8,54,1,3,56,0,8878,0,
中阿鋡經,T 26 (46),0,138,1,5,45,0,2,45,0,8720,0,
中阿鋡經,T 26 (47),0,57,1,27,81,1,18,44,0,11225,0,
中阿鋡經,T 26 (48),0,128,34,101,77,0,22,34,0,13493,0,
中阿鋡經,T 26 (49),0,164,27,103,108,0,8,62,0,15660,0,
中阿鋡經,T 26 (50),0,140,67,48,39,6,19,22,0,10533,0,
中阿鋡經,T 26 (51),0,159,53,100,105,4,15,21,0,11151,0,
中阿鋡經,T 26 (52),0,77,77,36,41,1,15,35,0,11793,0,
中阿鋡經,T 26 (53),0,29,10,11,44,0,1,15,0,7675,0,
中阿鋡經,T 26 (54),0,186,117,43,66,2,21,27,0,13854,0,
中阿鋡經,T 26 (55),0,120,7,40,26,0,30,45,0,10309,0,
中阿鋡經,T 26 (56),0,140,25,34,77,2,20,29,0,10567,0,
中阿鋡經,T 26 (57),0,210,27,24,48,8,13,4,0,12346,0,
中阿鋡經,T 26 (58),0,22,5,6,136,0,0,7,0,10005,0,
中阿鋡經,T 26 (59),0,152,19,51,98,1,32,30,0,15611,0,
中阿鋡經,T 26 (60),0,117,19,57,30,2,16,145,0,16914,0,
阿毘曇八揵度,T 1543 (1),0,36,6,54,15,0,4,48,0,7941,0,
阿毘曇八揵度,T 1543 (2),0,33,0,84,27,0,5,63,0,9150,0,
阿毘曇八揵度,T 1543 (3),0,35,0,57,56,0,0,66,0,7749,0,
阿毘曇八揵度,T 1543 (4),0,7,0,21,29,0,0,12,0,9698,0,
阿毘曇八揵度,T 1543 (5),0,0,0,1,86,0,2,2,0,8347,0,
阿毘曇八揵度,T 1543 (6),0,5,0,9,44,0,3,10,0,7399,0,
阿毘曇八揵度,T 1543 (7),0,2,0,31,10,0,0,1,0,8113,0,
阿毘曇八揵度,T 1543 (8),0,13,0,9,47,0,0,2,0,18780,0,
阿毘曇八揵度,T 1543 (9),0,0,0,86,47,0,0,0,0,9440,0,
阿毘曇八揵度,T 1543 (10),0,9,0,17,68,0,0,9,0,7141,0,
阿毘曇八揵度,T 1543 (11),0,0,0,7,0,0,0,7,0,8776,0,
阿毘曇八揵度,T 1543 (12),0,1,0,25,1,0,0,12,0,8941,0,
阿毘曇八揵度,T 1543 (13),0,0,0,68,27,0,0,4,0,10024,0,
阿毘曇八揵度,T 1543 (14),0,2,0,23,42,0,2,2,0,9655,0,
阿毘曇八揵度,T 1543 (15),0,1,0,52,0,0,0,18,0,7613,0,
阿毘曇八揵度,T 1543 (16),0,8,0,0,0,0,0,3,0,6136,0,
阿毘曇八揵度,T 1543 (17),0,5,0,38,5,0,9,4,0,9992,0,
阿毘曇八揵度,T 1543 (18),0,0,0,29,1,0,0,0,0,8258,0,
阿毘曇八揵度,T 1543 (20),0,0,0,32,23,0,0,45,0,8920,0,
阿毘曇八揵度,T 1543 (21),0,0,0,159,21,0,0,99,0,13851,0,
阿毘曇八揵度,T 1543 (22),0,0,0,78,11,0,0,35,0,10203,0,
阿毘曇八揵度,T 1543 (23),0,0,0,283,0,0,0,1,0,7473,0,
阿毘曇八揵度,T 1543 (24),0,0,0,189,0,0,1,0,0,6081,0,
阿毘曇八揵度,T 1543 (25),0,0,0,61,0,0,0,4,0,6120,0,
阿毘曇八揵度,T 1543 (26),0,0,0,32,2,0,0,19,0,6028,0,
阿毘曇八揵度,T 1543 (27),0,12,2,27,9,0,1,17,0,12608,0,
阿毘曇八揵度,T 1543 (28),0,11,0,51,3,0,0,26,0,8895,0,
阿毘曇八揵度,T 1543 (29),0,2,0,59,8,0,0,29,0,9297,0,
阿毘曇八揵度,T 1543 (30),0,60,0,172,38,0,7,47,0,13380,0,
阿毘曇心,T 1550 (1),0,12,0,53,38,0,22,63,0,10378,0,
阿毘曇心,T 1550 (2),0,12,0,59,33,0,12,51,0,8173,0,
阿毘曇心,T 1550 (3),0,7,0,51,35,0,16,50,0,9632,0,
阿毘曇心,T 1550 (4),1,10,0,72,25,0,10,34,0,11368,0,
三法度,T 1506 (1),0,35,6,8,40,0,7,33,0,10140,0,
三法度,T 1506 (2),0,50,1,11,52,0,7,31,0,11385,0,
三法度,T 1506 (3),0,3,0,2,33,0,4,20,0,10916,0,
新大品經,T 223 (1),0,50,6,128,16,0,5,97,0,14068,0,
新大品經,T 223 (2),0,26,10,98,9,0,1,33,0,13838,0,
新大品經,T 223 (3),3,46,4,75,4,0,3,41,0,11590,0,
新大品經,T 223 (4),0,49,22,45,5,0,0,46,0,14716,0,
新大品經,T 223 (5),0,27,3,227,10,0,1,12,0,15052,0,
新大品經,T 223 (6),0,31,9,138,8,0,4,75,0,18955,0,
新大品經,T 223 (7),0,78,15,122,5,0,15,61,0,16647,0,
新大品經,T 223 (8),2,39,8,100,8,1,5,29,0,12244,0,
新大品經,T 223 (9),0,19,14,141,8,0,15,31,0,12313,0,
新大品經,T 223 (10),0,36,38,83,16,0,7,32,0,12515,0,
新大品經,T 223 (11),0,17,3,194,12,0,4,11,0,15832,0,
新大品經,T 223 (12),0,72,8,68,1,0,1,16,0,14957,0,
新大品經,T 223 (13),0,22,12,75,11,0,6,95,0,12494,0,
新大品經,T 223 (14),0,13,9,87,7,0,3,62,0,13720,0,
新大品經,T 223 (15),0,45,6,26,6,0,6,48,0,11608,0,
新大品經,T 223 (16),0,27,22,56,0,0,5,44,0,12027,0,
新大品經,T 223 (17),0,108,32,56,9,0,4,69,0,15064,0,
新大品經,T 223 (18),0,69,34,68,11,0,9,60,0,11466,0,
新大品經,T 223 (19),0,57,20,81,14,0,5,55,0,11045,0,
新大品經,T 223 (20),0,39,15,65,10,0,8,30,0,11491,0,
新大品經,T 223 (21),0,28,10,95,6,0,2,42,0,16200,0,
新大品經,T 223 (22),1,20,2,90,25,0,0,25,0,12333,0,
新大品經,T 223 (23),0,31,3,109,45,0,0,19,0,15316,0,
新大品經,T 223 (24),0,22,17,100,14,0,0,17,0,14959,0,
新大品經,T 223 (25),1,29,63,79,10,0,6,40,0,11489,0,
新大品經,T 223 (26),1,34,43,144,23,0,9,38,0,16605,0,
新大品經,T 223 (27),0,152,87,187,28,0,24,113,0,13664,0,
新小品經,T 227 (1),0,51,11,50,14,0,10,38,0,9007,0,
新小品經,T 227 (2),0,37,8,64,5,1,6,25,0,8634,0,
新小品經,T 227 (3),0,12,9,83,14,0,6,25,0,10253,0,
新小品經,T 227 (4),0,21,8,75,7,0,3,40,0,7916,0,
新小品經,T 227 (5),0,21,8,86,7,0,2,66,0,10107,0,
新小品經,T 227 (6),0,21,24,60,8,0,8,40,0,9512,0,
新小品經,T 227 (7),0,64,18,51,15,0,24,66,0,10714,0,
新小品經,T 227 (8),0,51,12,40,7,0,3,34,0,7874,0,
新小品經,T 227 (9),0,38,14,89,7,0,10,97,0,8399,0,
新小品經,T 227 (10),0,117,64,177,23,0,35,80,0,11798,0,
新法華經,T 262 (1),2,72,18,214,45,5,37,44,0,14287,0,
新法華經,T 262 (2),7,152,59,158,38,15,52,34,0,14527,0,
新法華經,T 262 (3),1,72,31,203,45,10,31,42,0,13400,0,
新法華經,T 262 (4),4,134,28,159,26,3,37,75,0,15780,0,
新法華經,T 262 (5),0,87,28,200,34,8,27,40,0,15001,0,
新法華經,T 262 (6),0,47,43,158,37,1,24,43,0,13945,0,
新法華經,T 262 (7),0,56,32,81,24,1,18,41,0,13337,0,
華首經,T 657 (1),2,99,26,124,21,2,29,27,0,13569,0,
華首經,T 657 (2),1,83,38,117,8,4,30,43,0,12961,0,
華首經,T 657 (3),0,48,26,44,19,0,127,15,0,16263,0,
華首經,T 657 (4),0,11,1,50,3,0,226,5,0,16943,0,
華首經,T 657 (5),0,21,12,54,23,0,157,3,0,17151,0,
華首經,T 657 (6),0,91,52,167,33,2,36,70,0,18465,0,
華首經,T 657 (7),10,166,98,143,67,5,73,138,0,20907,0,
華首經,T 657 (8),0,56,39,82,15,0,15,40,0,8699,0,
華首經,T 657 (9),1,127,35,156,43,3,42,76,0,17783,0,
華首經,T 657 (10),0,53,14,144,13,0,13,50,0,10426,0,
新維摩詰經,T 475 (1),2,122,39,133,19,14,8,32,0,12638,0,
新維摩詰經,T 475 (2),5,60,7,92,15,1,12,36,0,14069,0,
新維摩詰經,T 475 (3),2,33,30,119,26,1,14,39,0,10398,0,
新首楞嚴經,T 642 (1),2,46,38,214,68,1,25,50,0,16645,0,
新首楞嚴經,T 642 (2),0,133,58,150,47,1,35,56,0,17107,0,
十住經,T 286 (1),0,63,6,307,33,0,11,19,0,15315,0,
十住經,T 286 (2),0,25,4,167,30,0,14,14,0,11445,0,
十住經,T 286 (3),0,23,14,283,23,0,15,11,0,16477,0,
十住經,T 286 (4),0,10,4,341,14,0,8,7,0,18339,0,
思益義經,T 586 (1),0,53,17,112,16,1,15,119,0,14585,0,
思益義經,T 586 (2),4,74,59,134,16,1,20,30,0,13615,0,
思益義經,T 586 (3),0,43,21,125,11,0,8,22,0,16974,0,
思益義經,T 586 (4),0,77,25,148,19,0,20,53,0,14169,0,
持世經,T 482 (1),1,77,13,157,14,0,20,64,0,12003,0,
持世經,T 482 (2),0,49,6,107,18,0,4,15,0,10259,0,
持世經,T 482 (3),0,38,0,145,3,0,4,5,0,10544,0,
持世經,T 482 (4),0,31,9,132,15,0,15,36,0,10610,0,
佛藏經,T 653 (1),0,96,15,128,7,0,2,26,0,13143,0,
佛藏經,T 653 (2),0,121,29,130,8,1,24,34,0,13308,0,
佛藏經,T 653 (3),0,230,39,143,20,0,32,53,0,15625,0,
菩薩藏,T 310(17a),2,108,26,174,51,4,25,45,0,14361,0,
菩薩藏,T 310(17b),0,112,18,146,30,1,47,42,0,10910,0,
菩薩藏,T 310(17c),0,243,52,118,43,1,48,49,0,11621,0,
無量壽經,T 366,0,7,10,35,5,0,6,13,0,2775,0,
彌勒下生經,T 454,0,19,12,29,7,1,11,6,0,3834,0,
彌勒成佛經,T 456,0,34,19,72,22,2,27,14,0,10142,0,
金剛般若經,T 235,0,64,12,33,5,4,4,20,0,7788,0,
諸法無行經,T 650 (1),1,25,12,94,15,0,13,20,0,11848,0,
諸法無行經,T 650 (2),0,31,19,81,11,0,8,23,0,9753,0,
菩提經,T 464,0,6,4,34,1,0,2,8,0,4261,0,
遺教經,T 389,0,10,31,24,8,0,3,40,0,3005,0,
菩薩呵色欲,T 615,0,0,0,0,0,0,0,1,0,507,0,
禪法要解,T 616 (1),1,31,9,69,36,0,17,25,0,12592,0,
禪法要解,T 616 (2),0,14,0,52,23,1,10,21,0,10162,0,
禪經,T 614 (1),1,31,37,67,23,0,21,72,0,14760,0,
禪經,T 614 (2),3,62,9,75,13,0,9,53,0,17728,0,
雜譬喻經,T 207,9,115,76,59,26,33,20,57,0,15351,0,
大智論,T 1509 (1),6,82,21,94,24,2,36,22,0,16487,0,
大智論,T 1509 (2),0,78,58,128,30,1,37,27,0,18103,0,
大智論,T 1509 (3),1,55,32,138,63,1,24,21,0,18584,0,
大智論,T 1509 (4),2,69,51,68,26,2,13,46,0,20077,0,
大智論,T 1509 (5),1,22,6,138,22,0,5,5,0,15469,0,
大智論,T 1509 (6),6,33,17,135,16,1,21,8,0,14970,0,
大智論,T 1509 (7),3,17,2,114,8,1,22,17,0,15276,0,
大智論,T 1509 (8),1,27,21,73,14,1,48,13,0,16958,0,
大智論,T 1509 (9),0,28,14,90,13,0,24,17,0,13303,0,
大智論,T 1509 (10),1,57,41,159,24,0,26,18,0,21162,0,
大智論,T 1509 (11),1,73,37,83,27,2,27,25,0,18947,0,
大智論,T 1509 (12),0,128,47,43,19,2,35,39,0,17998,0,
大智論,T 1509 (13),1,50,18,67,24,1,28,40,0,19201,0,
大智論,T 1509 (14),0,80,24,52,16,1,31,55,0,13551,0,
大智論,T 1509 (15),0,37,22,95,9,0,26,23,0,12523,0,
大智論,T 1509 (16),0,37,27,77,11,1,12,17,0,13183,0,
大智論,T 1509 (17),0,65,27,108,39,0,21,37,0,19296,0,
大智論,T 1509 (18),1,32,14,144,32,0,19,24,0,16313,0,
大智論,T 1509 (19),0,57,9,94,30,0,23,33,0,18598,0,
大智論,T 1509 (20),1,25,8,114,16,0,11,10,0,17120,0,
大智論,T 1509 (21),0,26,2,60,30,0,16,23,0,14182,0,
大智論,T 1509 (22),0,70,18,75,12,1,28,37,0,16205,0,
大智論,T 1509 (23),0,90,3,59,20,2,10,13,0,14476,0,
大智論,T 1509 (24),0,21,4,72,12,0,11,18,0,13857,0,
大智論,T 1509 (25),3,35,0,75,11,0,4,4,0,13137,0,
大智論,T 1509 (26),0,82,20,122,37,0,25,10,0,20439,0,
大智論,T 1509 (27),0,10,10,127,26,0,12,27,0,17758,0,
大智論,T 1509 (28),1,10,8,95,34,1,12,19,0,14790,0,
大智論,T 1509 (29),2,30,4,73,11,0,16,35,0,14340,0,
大智論,T 1509 (30),2,17,10,126,27,0,29,34,0,19050,0,
大智論,T 1509 (31),5,115,12,133,26,0,37,22,0,25491,0,
大智論,T 1509 (32),0,18,7,131,11,1,5,30,0,14519,0,
大智論,T 1509 (33),1,14,6,89,19,3,17,26,0,12843,0,
大智論,T 1509 (34),0,40,3,97,30,0,16,42,0,13694,0,
大智論,T 1509 (35),0,79,14,103,24,0,36,36,0,18893,0,
大智論,T 1509 (36),1,9,5,61,10,0,16,11,0,16633,0,
大智論,T 1509 (37),0,41,3,83,7,0,11,23,0,15515,0,
大智論,T 1509 (38),1,11,17,93,15,0,15,14,0,15201,0,
大智論,T 1509 (39),0,9,1,68,5,0,10,11,0,13662,0,
大智論,T 1509 (40),1,20,3,127,24,0,20,31,0,16987,0,
大智論,T 1509 (41),0,28,13,93,12,0,7,43,0,15913,0,
大智論,T 1509 (42),5,69,8,79,15,2,13,15,0,12925,0,
大智論,T 1509 (43),1,32,4,97,5,0,11,16,0,13211,0,
大智論,T 1509 (44),0,43,37,44,6,0,15,34,0,15257,0,
大智論,T 1509 (45),1,49,1,100,15,0,8,40,0,14892,0,
大智論,T 1509 (46),2,17,5,86,11,0,10,17,0,16140,0,
大智論,T 1509 (47),0,4,2,264,4,0,4,0,0,13088,0,
大智論,T 1509 (48),1,47,9,127,25,0,7,10,0,15901,0,
大智論,T 1509 (49),0,46,12,69,10,0,14,21,0,14947,0,
大智論,T 1509 (50),0,10,3,81,6,0,14,6,0,14106,0,
大智論,T 1509 (51),0,28,7,115,16,0,11,71,0,16415,0,
大智論,T 1509 (52),0,45,5,52,8,0,10,38,0,13692,0,
大智論,T 1509 (53),0,39,16,72,14,0,24,15,0,14224,0,
大智論,T 1509 (54),0,51,13,138,11,0,23,33,0,13441,0,
大智論,T 1509 (55),2,25,8,114,12,0,18,34,0,18357,0,
大智論,T 1509 (56),2,45,5,100,17,2,24,22,0,13443,0,
大智論,T 1509 (57),0,9,11,56,7,0,6,8,0,9685,0,
大智論,T 1509 (58),0,19,6,163,11,0,34,29,0,15088,0,
大智論,T 1509 (59),2,36,6,92,9,0,9,14,0,13123,0,
大智論,T 1509 (60),0,14,33,41,14,0,12,20,0,10012,0,
大智論,T 1509 (61),0,27,6,249,18,0,19,10,0,18975,0,
大智論,T 1509 (62),2,9,4,106,6,0,12,11,0,15014,0,
大智論,T 1509 (63),0,66,3,64,3,0,13,4,0,13667,0,
大智論,T 1509 (64),0,50,15,90,4,0,11,23,0,12835,0,
大智論,T 1509 (65),0,12,1,90,8,0,12,3,0,17260,0,
大智論,T 1509 (66),0,11,4,46,6,0,10,42,0,10813,0,
大智論,T 1509 (67),0,22,0,83,9,0,8,40,0,11704,0,
大智論,T 1509 (68),0,19,10,36,9,0,6,58,0,11755,0,
大智論,T 1509 (69),0,22,14,70,12,0,3,55,0,13834,0,
大智論,T 1509 (70),0,12,1,128,11,0,16,6,0,16335,0,
大智論,T 1509 (71),0,54,8,76,11,0,13,55,0,19779,0,
大智論,T 1509 (72),0,29,6,77,10,0,10,18,0,16924,0,
大智論,T 1509 (73),0,24,40,81,6,0,24,48,0,14850,0,
大智論,T 1509 (74),0,33,14,102,7,0,7,18,0,15755,0,
大智論,T 1509 (75),0,113,25,47,21,0,14,67,0,16540,0,
大智論,T 1509 (76),2,65,27,83,17,0,17,59,0,13463,0,
大智論,T 1509 (77),0,85,31,95,20,0,13,32,0,19722,0,
大智論,T 1509 (78),0,50,15,60,15,0,5,34,0,11934,0,
大智論,T 1509 (79),0,33,33,144,24,0,18,58,0,15042,0,
大智論,T 1509 (80),0,38,2,48,6,0,9,14,0,10089,0,
大智論,T 1509 (81),0,31,0,67,7,0,7,5,0,13142,0,
大智論,T 1509 (82),0,30,3,120,22,0,9,27,0,15452,0,
大智論,T 1509 (83),0,13,8,65,10,0,9,22,0,12856,0,
大智論,T 1509 (84),0,16,11,78,15,0,9,10,0,14651,0,
大智論,T 1509 (85),1,10,4,113,31,0,4,23,0,14918,0,
大智論,T 1509 (86),0,34,1,109,30,0,5,25,0,16474,0,
大智論,T 1509 (87),0,28,7,134,39,0,8,14,0,18556,0,
大智論,T 1509 (88),0,32,10,111,29,0,16,14,0,19809,0,
大智論,T 1509 (89),1,7,20,107,12,0,7,23,0,17804,0,
大智論,T 1509 (90),0,10,34,90,16,0,14,20,0,14082,0,
大智論,T 1509 (91),1,38,61,62,13,0,11,36,0,11856,0,
大智論,T 1509 (92),0,15,7,48,14,0,14,9,0,8680,0,
大智論,T 1509 (93),0,36,11,65,10,0,8,19,0,12493,0,
大智論,T 1509 (94),0,11,11,95,20,0,13,14,0,13770,0,
大智論,T 1509 (95),0,36,28,135,9,0,12,24,0,15203,0,
大智論,T 1509 (96),2,41,26,74,9,0,22,26,0,11960,0,
大智論,T 1509 (97),1,20,10,95,9,0,7,19,0,8290,0,
大智論,T 1509 (98),0,144,69,111,32,0,35,50,0,15182,0,
大智論,T 1509 (99),0,31,18,116,23,0,15,36,0,12599,0,
大智論,T 1509 (100),0,27,24,149,26,0,27,44,0,13489,0,
成實論,T 1646 (1),0,37,16,88,14,1,13,27,0,14152,0,
成實論,T 1646 (2),1,36,47,83,19,0,11,22,0,14938,0,
成實論,T 1646 (3),0,160,93,72,23,1,12,21,0,15441,0,
成實論,T 1646 (4),0,17,49,55,23,0,8,13,0,11538,0,
成實論,T 1646 (5),0,27,105,82,26,1,12,27,0,14914,0,
成實論,T 1646 (6),0,20,27,75,14,0,6,26,0,13671,0,
成實論,T 1646 (7),0,9,34,50,14,0,10,37,0,14123,0,
成實論,T 1646 (8),0,23,11,69,10,0,12,18,0,14903,0,
成實論,T 1646 (9),0,27,15,80,11,2,12,32,0,13197,0,
成實論,T 1646 (10),0,138,11,74,8,0,8,19,0,14707,0,
成實論,T 1646 (11),0,46,34,108,15,0,10,27,0,16010,0,
成實論,T 1646 (12),0,57,18,136,10,0,10,30,0,14692,0,
成實論,T 1646 (13),0,84,23,52,20,0,4,17,0,12627,0,
成實論,T 1646 (14),0,37,8,86,13,0,10,33,0,15554,0,
成實論,T 1646 (15),0,121,27,67,20,3,14,27,0,12488,0,
成實論,T 1646 (16),0,51,31,134,28,0,15,22,0,13829,0,
十住論,T 1521 (1),0,31,16,104,18,0,14,21,0,9908,0,
十住論,T 1521 (2),0,96,10,99,14,1,11,29,0,8715,0,
十住論,T 1521 (3),0,24,3,127,11,0,5,14,0,7991,0,
十住論,T 1521 (4),0,37,11,55,8,1,5,11,0,7101,0,
十住論,T 1521 (5),0,68,6,130,18,0,63,10,0,9697,0,
十住論,T 1521 (6),0,10,12,59,8,0,14,10,0,9441,0,
十住論,T 1521 (7),0,54,3,83,29,0,11,19,0,10282,0,
十住論,T 1521 (8),0,51,2,87,17,1,20,38,0,10265,0,
十住論,T 1521 (9),0,12,1,99,8,0,4,14,0,9254,0,
十住論,T 1521 (10),0,31,30,131,23,1,28,43,0,10085,0,
十住論,T 1521 (11),0,17,3,117,16,0,8,15,0,9205,0,
十住論,T 1521 (12),0,17,3,117,16,0,8,15,0,9205,0,
十住論,T 1521 (13),0,7,6,89,21,0,7,18,0,7869,0,
十住論,T 1521 (14),0,21,1,26,12,0,13,19,0,8979,0,
十住論,T 1521 (15),0,38,3,89,22,0,3,17,0,10819,0,
十住論,T 1521 (16),0,71,5,110,16,0,9,18,0,12135,0,
十住論,T 1521 (17),0,32,2,114,9,0,5,10,0,11078,0,
中論,T 1564 (1),0,8,17,40,43,0,15,25,0,10653,0,
中論,T 1564 (2),0,14,28,87,66,0,32,20,0,15824,0,
中論,T 1564 (3),0,70,26,125,49,0,27,23,0,14097,0,
中論,T 1564 (4),0,142,29,91,12,0,57,26,0,14256,0,
十二門論,T 1568,0,39,35,38,48,0,20,34,0,15589,0,
百論,T 1569 (1),0,14,61,29,17,0,23,10,0,12911,0,
百論,T 1569 (2),0,24,82,53,35,0,32,19,0,14536,0,
十誦律,T 1435 (1),0,105,56,65,48,0,27,18,0,13069,0,
十誦律,T 1435 (2),0,73,68,87,30,0,20,34,0,12575,0,
十誦律,T 1435 (3),0,89,93,79,27,0,11,19,0,16185,0,
十誦律,T 1435 (4),0,128,96,89,69,0,20,55,0,16475,0,
十誦律,T 1435 (5),0,104,25,46,37,0,22,15,0,25482,0,
十誦律,T 1435 (6),0,107,49,31,40,0,16,24,0,11589,0,
十誦律,T 1435 (7),0,55,47,72,55,0,21,13,0,13286,0,
十誦律,T 1435 (8),0,96,87,73,57,0,27,38,0,19060,0,
十誦律,T 1435 (9),0,43,189,39,96,0,10,10,0,17022,0,
十誦律,T 1435 (10),0,32,46,75,58,0,14,13,0,12475,0,
十誦律,T 1435 (11),0,33,34,104,77,0,16,16,0,11766,0,
十誦律,T 1435 (12),0,87,50,98,82,0,41,39,0,13492,0,
十誦律,T 1435 (13),0,55,42,131,81,0,44,17,0,13602,0,
十誦律,T 1435 (14),0,68,56,70,56,1,29,33,0,12823,0,
十誦律,T 1435 (15),0,59,60,75,48,0,28,31,0,11397,0,
十誦律,T 1435 (16),0,64,73,96,58,0,34,18,0,16392,0,
十誦律,T 1435 (17),0,96,55,66,86,0,29,40,0,13082,0,
十誦律,T 1435 (18),0,114,49,106,70,0,44,37,0,11963,0,
十誦律,T 1435 (19),0,59,23,225,55,0,79,104,0,15782,0,
十誦律,T 1435 (20),0,83,61,70,42,0,27,42,0,15404,0,
十誦律,T 1435 (21),0,166,70,180,75,0,46,69,0,19442,0,
十誦律,T 1435 (22),0,63,21,93,14,0,18,15,0,13251,0,
十誦律,T 1435 (23),0,100,26,152,9,0,35,40,0,16082,0,
十誦律,T 1435 (24),0,132,10,30,7,0,3,6,0,9497,0,
十誦律,T 1435 (25),0,152,80,106,41,0,36,30,0,12281,0,
十誦律,T 1435 (26),0,112,66,200,92,1,59,46,0,19017,0,
十誦律,T 1435 (27),1,108,44,137,58,0,31,24,0,11538,0,
十誦律,T 1435 (28),0,55,40,114,19,0,10,23,0,12006,0,
十誦律,T 1435 (29),0,202,26,10,104,0,6,93,0,14506,0,
十誦律,T 1435 (30),0,105,45,78,32,0,19,11,0,13336,0,
十誦律,T 1435 (31),0,93,87,67,45,0,15,31,0,13665,0,
十誦律,T 1435 (32),0,168,12,71,125,0,48,84,0,14873,0,
十誦律,T 1435 (33),0,28,9,33,14,0,48,11,0,9927,0,
十誦律,T 1435 (34),3,126,80,172,81,3,36,29,0,17512,0,
十誦律,T 1435 (35),0,23,9,34,22,0,9,18,0,10046,0,
十誦律,T 1435 (36),0,135,84,89,77,1,22,62,0,13995,0,
十誦律,T 1435 (37),0,77,43,100,64,0,47,13,0,14246,0,
十誦律,T 1435 (38),0,64,22,118,89,0,47,14,0,15632,0,
十誦律,T 1435 (39),0,101,35,177,56,0,64,32,0,16482,0,
十誦律,T 1435 (40),0,112,50,156,35,0,43,16,0,14825,0,
十誦律,T 1435 (41),0,65,26,111,78,0,39,23,0,14256,0,
十誦律,T 1435 (42),0,51,66,64,50,0,13,12,0,14289,0,
十誦律,T 1435 (43),0,104,100,88,44,0,34,35,0,13526,0,
十誦律,T 1435 (44),0,50,76,104,59,0,37,16,0,13993,0,
十誦律,T 1435 (45),0,80,69,77,69,0,44,36,0,13854,0,
十誦律,T 1435 (46),0,141,146,94,97,0,58,63,0,20454,0,
十誦律,T 1435 (47),0,38,47,85,60,0,33,19,0,12121,0,
十誦律,T 1435 (48),0,123,32,64,55,0,21,1,0,20807,0,
十誦律,T 1435 (49),0,39,17,10,36,0,12,31,0,13259,0,
十誦律,T 1435 (50),0,40,14,16,62,0,7,13,0,18916,0,
十誦律,T 1435 (51),0,21,7,1,44,0,5,3,0,16835,0,
十誦律,T 1435 (52),0,109,63,21,29,0,3,14,0,16835,0,
十誦律,T 1435 (53),0,52,25,54,17,0,2,6,0,22314,0,
十誦律,T 1435 (54),0,6,5,136,21,0,2,2,0,14695,0,
十誦律,T 1435 (55),0,7,12,57,8,0,9,11,0,14110,0,
十誦律,T 1435 (56),0,37,28,78,23,0,15,28,0,18573,0,
十誦律,T 1435 (57),0,77,51,80,42,0,22,62,0,17430,0,
十誦律,T 1435 (58),0,321,175,169,107,0,69,66,0,22256,0,
十誦律,T 1435 (59),0,115,118,101,57,0,7,32,0,14511,0,
十誦律,T 1435 (60),0,144,50,153,59,1,36,43,0,14695,0,
十誦律,T 1435 (61),1,222,98,331,47,0,90,94,0,34548,0,
十誦比丘戒本,T 1436,0,46,37,134,30,0,20,138,0,15926,0,
長阿鋡經,T 1 (1),19,51,15,108,29,4,31,43,0,15575,0,
長阿鋡經,T 1 (2),10,54,28,74,46,2,29,20,0,10144,0,
長阿鋡經,T 1 (3),18,104,74,56,65,3,55,48,0,12991,0,
長阿鋡經,T 1 (4),15,66,46,112,53,2,46,53,0,12517,0,
長阿鋡經,T 1 (5),19,90,42,71,52,8,57,42,0,10892,0,
長阿鋡經,T 1 (6),9,85,41,31,61,1,59,61,0,10886,0,
長阿鋡經,T 1 (7),11,122,107,26,36,4,54,47,0,9135,0,
長阿鋡經,T 1 (8),12,33,49,38,21,3,22,30,0,10885,0,
長阿鋡經,T 1 (9),2,46,10,45,54,0,27,26,0,12266,0,
長阿鋡經,T 1 (10),5,226,48,45,34,7,36,30,0,12763,0,
長阿鋡經,T 1 (11),1,181,75,21,46,1,33,72,0,11664,0,
長阿鋡經,T 1 (12),0,86,65,138,40,1,33,68,0,15651,0,
長阿鋡經,T 1 (13),2,70,62,54,30,1,27,27,0,12239,0,
長阿鋡經,T 1 (14),0,130,15,63,12,0,3,14,0,10273,0,
長阿鋡經,T 1 (15),2,139,26,82,43,0,43,26,0,13798,0,
長阿鋡經,T 1 (16),0,82,27,45,16,1,15,31,0,11433,0,
長阿鋡經,T 1 (17),2,185,52,58,46,3,64,32,0,14412,0,
長阿鋡經,T 1 (18),4,30,11,35,31,0,19,7,0,12807,0,
長阿鋡經,T 1 (19),0,56,37,48,44,0,16,14,0,13693,0,
長阿鋡經,T 1 (20),0,42,11,55,19,5,19,16,0,13999,0,
長阿鋡經,T 1 (21),8,62,19,112,72,7,28,71,0,11966,0,
長阿鋡經,T 1 (22),0,53,19,31,27,0,16,6,0,10119,0,
曇無德律,T 1428 (1),0,78,38,80,39,2,36,27,0,15816,0,
曇無德律,T 1428 (2),0,68,34,86,35,0,31,22,0,11016,0,
曇無德律,T 1428 (3),1,103,50,62,37,4,36,29,0,12973,0,
曇無德律,T 1428 (4),1,141,59,93,43,1,47,39,0,12259,0,
曇無德律,T 1428 (5),0,73,63,84,70,0,24,46,0,13017,0,
曇無德律,T 1428 (6),0,49,28,48,66,0,46,50,0,12551,0,
曇無德律,T 1428 (7),0,110,59,76,66,0,53,54,0,13151,0,
曇無德律,T 1428 (8),0,67,50,58,83,0,57,65,0,12660,0,
曇無德律,T 1428 (9),0,57,31,39,44,0,49,37,0,10164,0,
曇無德律,T 1428 (10),0,58,32,100,103,0,66,55,0,13745,0,
曇無德律,T 1428 (11),0,104,91,114,73,1,47,33,0,15028,0,
曇無德律,T 1428 (12),0,62,60,72,82,0,36,58,0,15523,0,
曇無德律,T 1428 (13),0,110,39,113,93,0,55,45,0,14869,0,
曇無德律,T 1428 (14),0,66,26,128,102,0,49,34,0,11644,0,
曇無德律,T 1428 (15),0,55,60,92,82,0,46,43,0,13566,0,
曇無德律,T 1428 (16),0,35,38,81,74,0,36,31,0,13429,0,
曇無德律,T 1428 (17),0,62,97,72,77,0,46,41,0,14205,0,
曇無德律,T 1428 (18),1,65,59,82,75,0,53,45,0,14305,0,
曇無德律,T 1428 (19),0,31,39,127,74,0,53,40,0,14271,0,
曇無德律,T 1428 (20),0,22,68,105,86,0,31,31,0,15207,0,
曇無德律,T 1428 (21),0,6,6,74,103,0,39,38,0,13436,0,
曇無德律,T 1428 (22),0,47,41,103,65,0,26,32,0,14617,0,
曇無德律,T 1428 (23),0,70,108,73,70,0,29,69,0,13829,0,
曇無德律,T 1428 (24),0,97,45,87,61,0,30,40,0,14553,0,
曇無德律,T 1428 (25),0,62,48,136,67,1,32,27,0,14804,0,
曇無德律,T 1428 (26),0,37,73,123,64,0,36,40,0,14246,0,
曇無德律,T 1428 (27),0,37,81,126,81,0,45,56,0,15029,0,
曇無德律,T 1428 (28),0,36,79,123,87,0,32,57,0,13875,0,
曇無德律,T 1428 (29),0,18,45,128,69,0,35,34,0,13053,0,
曇無德律,T 1428 (30),0,17,48,142,78,0,48,43,0,14489,0,
曇無德律,T 1428 (31),2,124,63,48,71,3,66,87,0,14376,0,
曇無德律,T 1428 (32),11,151,60,63,119,2,76,43,0,14241,0,
曇無德律,T 1428 (33),4,120,52,93,107,1,62,150,0,15225,0,
曇無德律,T 1428 (34),0,143,66,131,108,1,83,94,0,16948,0,
曇無德律,T 1428 (35),0,78,93,160,106,0,84,108,0,16938,0,
曇無德律,T 1428 (36),0,96,42,112,154,0,50,104,0,16514,0,
曇無德律,T 1428 (37),0,119,22,148,91,0,48,26,0,14371,0,
曇無德律,T 1428 (38),0,85,18,92,56,0,40,33,0,14066,0,
曇無德律,T 1428 (39),0,75,37,97,43,0,25,15,0,13836,0,
曇無德律,T 1428 (40),0,107,61,110,79,0,38,42,0,14300,0,
曇無德律,T 1428 (41),0,70,35,122,49,2,19,27,0,14285,0,
曇無德律,T 1428 (42),0,125,20,98,72,1,44,22,0,15425,0,
曇無德律,T 1428 (43),0,119,63,84,84,1,43,40,0,19999,0,
曇無德律,T 1428 (44),0,84,65,48,66,0,31,39,0,16533,0,
曇無德律,T 1428 (45),0,105,23,103,174,0,64,25,0,18010,0,
曇無德律,T 1428 (46),0,118,65,41,71,3,77,53,0,18558,0,
曇無德律,T 1428 (47),0,58,25,72,47,0,30,17,0,11590,0,
曇無德律,T 1428 (48),0,82,38,89,68,0,36,14,0,14634,0,
曇無德律,T 1428 (49),0,50,28,107,84,0,21,28,0,16215,0,
曇無德律,T 1428 (50),0,56,32,60,62,2,16,20,0,14480,0,
曇無德律,T 1428 (51),0,133,26,119,39,1,32,36,0,13688,0,
曇無德律,T 1428 (52),0,59,12,122,21,0,9,13,0,14653,0,
曇無德律,T 1428 (53),0,74,34,78,38,0,35,26,0,13357,0,
曇無德律,T 1428 (54),0,90,41,42,50,0,61,33,0,10397,0,
曇無德律,T 1428 (55),0,94,126,28,37,0,15,13,0,15411,0,
曇無德律,T 1428 (56),0,99,108,88,29,0,7,16,0,16087,0,
曇無德律,T 1428 (57),0,96,63,71,30,0,15,33,0,15068,0,
曇無德律,T 1428 (58),0,101,32,62,29,0,8,18,0,14877,0,
曇無德律,T 1428 (59),0,36,22,15,17,0,3,11,0,12945,0,
曇無德律,T 1428 (60),0,50,30,39,18,0,10,21,0,11585,0,
虛空藏經,T 405,0,25,20,116,31,2,20,18,0,14985,0,
曇無德戒本,T 1430,0,67,21,82,42,0,26,140,0,15294,0,
大般涅槃經,T 374 (1),0,54,13,142,26,0,20,32,0,12090,0,
大般涅槃經,T 374 (2),1,181,96,127,41,3,92,73,0,12536,0,
大般涅槃經,T 374 (3),0,61,37,105,16,3,44,70,0,11214,0,
大般涅槃經,T 374 (4),0,133,22,76,52,2,13,22,0,8975,0,
大般涅槃經,T 374 (5),0,39,7,76,24,1,10,16,0,11472,0,
大般涅槃經,T 374 (6),0,47,25,57,44,1,19,52,0,10419,0,
大般涅槃經,T 374 (7),0,151,24,61,32,5,29,60,0,11226,0,
大般涅槃經,T 374 (8),0,98,25,87,32,0,22,45,0,12407,0,
大般涅槃經,T 374 (9),4,47,8,89,26,1,20,41,0,11600,0,
大般涅槃經,T 374 (10),0,59,29,75,31,4,34,39,0,10394,0,
大般涅槃經,T 374 (11),1,39,17,85,34,3,26,29,0,9374,0,
大般涅槃經,T 374 (12),0,70,21,34,42,6,22,30,0,11132,0,
大般涅槃經,T 374 (13),0,59,3,125,17,6,5,21,0,9800,0,
大般涅槃經,T 374 (14),0,206,31,85,35,5,30,35,0,10322,0,
大般涅槃經,T 374 (15),0,32,7,139,10,4,12,37,0,10133,0,
大般涅槃經,T 374 (16),1,91,18,97,41,5,18,29,0,10050,0,
大般涅槃經,T 374 (17),0,58,9,40,9,6,7,19,0,9491,0,
大般涅槃經,T 374 (18),0,75,10,96,25,3,11,30,0,11093,0,
大般涅槃經,T 374 (19),7,72,12,45,26,4,57,44,0,11271,0,
大般涅槃經,T 374 (20),6,77,20,60,31,6,41,50,0,9898,0,
大般涅槃經,T 374 (21),3,42,22,42,30,4,32,17,0,11300,0,
大般涅槃經,T 374 (22),3,64,9,51,16,2,8,27,0,8674,0,
大般涅槃經,T 374 (23),0,68,4,57,11,2,14,27,0,9739,0,
大般涅槃經,T 374 (24),1,25,8,98,8,36,41,30,0,11075,0,
大般涅槃經,T 374 (25),1,89,5,102,23,11,11,34,0,12813,0,
大般涅槃經,T 374 (26),0,61,12,57,7,2,3,24,0,7945,0,
大般涅槃經,T 374 (27),2,99,15,69,14,0,14,31,0,11365,0,
大般涅槃經,T 374 (28),0,61,15,43,20,2,17,40,0,12250,0,
大般涅槃經,T 374 (29),2,104,14,34,52,8,16,26,0,10946,0,
大般涅槃經,T 374 (30),1,156,18,66,36,0,16,23,0,11249,0,
大般涅槃經,T 374 (31),0,68,15,41,16,4,9,24,0,11338,0,
大般涅槃經,T 374 (32),0,50,7,60,33,1,7,36,0,11465,0,
大般涅槃經,T 374 (33),2,67,18,42,23,2,10,33,0,7944,0,
大般涅槃經,T 374 (34),6,239,27,84,89,1,13,34,0,8404,0,
大般涅槃經,T 374 (35),0,58,11,27,15,0,14,47,0,10238,0,
大般涅槃經,T 374 (36),0,43,13,28,71,9,10,17,0,11794,0,
大般涅槃經,T 374 (37),0,56,3,29,47,2,12,41,0,9873,0,
大般涅槃經,T 374 (38),0,52,2,27,23,2,10,23,0,7943,0,
大般涅槃經,T 374 (39),1,280,95,40,56,4,50,38,0,13899,0,
大般涅槃經,T 374 (40),3,125,67,72,57,3,41,48,0,14259,0,
方等大集經,T 397 (1),0,29,7,148,49,0,36,11,0,14383,0,
方等大集經,T 397 (2),1,32,7,102,55,0,4,11,0,10258,0,
方等大集經,T 397 (3),0,16,1,105,35,1,2,4,0,13793,0,
方等大集經,T 397 (4),2,44,17,112,33,0,9,19,0,11411,0,
方等大集經,T 397 (5),1,33,12,74,21,0,13,5,0,9903,0,
方等大集經,T 397 (6),1,30,7,102,25,0,3,13,0,12155,0,
方等大集經,T 397 (7),2,48,14,126,30,1,12,12,0,11270,0,
方等大集經,T 397 (8),2,69,5,112,21,1,16,21,0,10735,0,
方等大集經,T 397 (9),0,75,11,105,36,1,20,24,0,14930,0,
方等大集經,T 397 (10),0,27,1,90,54,1,2,9,0,16025,0,
方等大集經,T 397 (11),2,63,31,102,53,0,25,47,0,14005,0,
方等大集經,T 397 (12),4,65,38,145,30,2,17,35,0,17305,0,
方等大集經,T 397 (13),1,99,33,111,26,1,28,26,0,17465,0,
方等大集經,T 397 (14),2,57,11,154,28,2,6,6,0,12251,0,
方等大集經,T 397 (15),0,39,0,224,57,1,2,14,0,13234,0,
方等大集經,T 397 (16),1,23,9,129,33,3,9,14,0,11148,0,
方等大集經,T 397 (17),3,41,17,98,24,4,1,12,0,14290,0,
方等大集經,T 397 (18),3,61,32,128,19,1,15,67,0,11151,0,
方等大集經,T 397 (19),0,166,69,115,68,5,76,81,0,16376,0,
方等大集經,T 397 (20),2,127,56,98,35,8,36,41,0,11563,0,
方等大集經,T 397 (21),0,135,35,176,46,2,29,66,0,21473,0,
方等大集經,T 397 (22),1,98,17,79,48,1,22,23,0,16991,0,
方等大集經,T 397 (23),0,61,22,78,42,14,17,42,0,12215,0,
方等大集經,T 397 (24),0,54,7,60,21,0,14,36,0,8101,0,
方等大集經,T 397 (25),1,20,0,85,38,2,5,10,0,9927,0,
方等大集經,T 397 (26),0,36,10,76,22,1,17,8,0,9320,0,
方等大集經,T 397 (27),2,49,11,173,20,2,11,47,0,14296,0,
方等大集經,T 397 (28),1,29,1,160,16,0,3,12,0,12728,0,
方等大集經,T 397 (29),0,11,0,124,20,0,0,1,0,10882,0,
方等大集經,T 397 (30),0,60,11,127,40,0,25,30,0,13927,0,
方等大集經,T 397 (31),0,45,20,71,33,1,17,26,0,11508,0,
方等大集經,T 397 (32),1,91,18,82,46,0,15,21,0,10645,0,
方等大集經,T 397 (33),1,123,29,112,54,1,36,32,0,13418,0,
方等大集經,T 397 (34),0,31,26,126,27,1,15,31,0,10683,0,
方等大集經,T 397 (35),0,46,24,75,32,2,22,9,0,11313,0,
方等大集經,T 397 (36),0,52,24,89,27,5,16,10,0,9698,0,
方等大集經,T 397 (37),0,36,18,26,18,0,12,11,0,9580,0,
方等大集經,T 397 (38),0,104,12,85,76,0,18,25,0,12417,0,
方等大集經,T 397 (39),0,71,6,71,25,1,11,7,0,8676,0,
方等大集經,T 397 (40),0,42,14,77,33,0,15,10,0,7247,0,
方等大集經,T 397 (41),0,74,24,70,34,1,26,16,0,9400,0,
方等大集經,T 397 (42),0,10,9,48,7,1,5,20,0,11754,0,
方等大集經,T 397 (43),0,63,12,101,47,1,17,14,0,11732,0,
方等大集經,T 397 (44),0,65,27,61,36,4,19,10,0,7626,0,
方等大集經,T 397 (45),0,63,10,45,20,3,22,12,0,7959,0,
方等大集經,T 397 (46),1,37,9,141,8,0,11,27,0,9338,0,
方等大集經,T 397 (47),0,108,16,163,22,10,45,35,0,13065,0,
方等大集經,T 397 (48),2,52,19,135,14,2,24,22,0,12222,0,
方等大集經,T 397 (49),0,40,9,129,18,5,22,24,0,9516,0,
方等大集經,T 397 (50),0,117,8,233,24,11,25,19,0,22539,0,
方等大集經,T 397 (51),0,53,42,152,12,6,14,14,0,11308,0,
方等大集經,T 397 (52),0,112,79,146,18,7,35,41,0,12945,0,
方等大集經,T 397 (53),0,66,32,120,18,4,14,32,0,9255,0,
方等大集經,T 397 (54),0,46,26,127,9,5,12,20,0,8701,0,
方等大集經,T 397 (55),0,60,103,86,3,5,11,26,0,14151,0,
方等大集經,T 397 (56),0,129,24,185,12,14,54,39,0,16497,0,
方等大集經,T 397 (57),1,49,34,93,24,3,24,15,0,11099,0,
方等大集經,T 397 (58),0,70,19,108,14,4,29,23,0,10729,0,
方等大集經,T 397 (59),0,82,9,121,4,0,8,120,0,14434,0,
方等大集經,T 397 (60),0,54,18,76,12,0,3,148,0,12139,0,
方等大雲經,T 387 (1),3,21,16,75,42,3,17,6,0,9639,0,
方等大雲經,T 387 (2),0,30,19,115,10,3,17,22,0,9302,0,
方等大雲經,T 387 (3),31,14,33,94,1,0,10,34,0,10025,0,
方等大雲經,T 387 (4),2,31,21,56,14,1,23,37,0,9273,0,
方等大雲經,T 387 (5),1,44,11,67,23,0,11,52,0,8047,0,
方等大雲經,T 387 (6),0,106,8,53,28,1,7,16,0,8161,0,
悲華經,T 157 (1),0,34,16,143,76,2,13,20,0,12567,0,
悲華經,T 157 (2),2,78,42,135,55,2,48,55,0,11595,0,
悲華經,T 157 (3),0,136,38,137,79,0,46,54,0,12328,0,
悲華經,T 157 (4),0,119,34,136,45,0,25,37,0,11935,0,
悲華經,T 157 (5),0,62,39,54,26,0,37,37,0,10712,0,
悲華經,T 157 (6),0,160,11,167,54,1,20,52,0,10887,0,
悲華經,T 157 (7),0,74,37,144,24,4,32,46,0,11207,0,
悲華經,T 157 (8),0,57,57,180,44,2,21,27,0,10548,0,
悲華經,T 157 (9),0,95,17,111,38,5,38,23,0,9485,0,
悲華經,T 157 (10),0,109,15,109,45,8,40,32,0,10133,0,
金光明經,T 663 (1),0,58,4,154,9,1,31,27,0,10379,0,
金光明經,T 663 (2),0,70,22,137,38,1,8,43,0,10139,0,
金光明經,T 663 (3),0,30,5,108,23,5,9,34,0,10944,0,
金光明經,T 663 (4),1,91,20,75,50,8,60,46,0,12729,0,
菩薩地持經,T 1581 (1),0,8,0,50,20,0,7,16,0,9255,0,
菩薩地持經,T 1581 (2),1,20,1,70,23,1,6,8,0,9913,0,
菩薩地持經,T 1581 (3),0,5,3,45,23,0,3,20,0,9670,0,
菩薩地持經,T 1581 (4),0,23,6,29,37,2,10,29,0,9506,0,
菩薩地持經,T 1581 (5),0,19,4,31,33,0,8,20,0,8518,0,
菩薩地持經,T 1581 (6),0,13,0,36,16,1,7,14,0,7515,0,
菩薩地持經,T 1581 (7),0,20,4,57,18,0,10,15,0,15306,0,
菩薩地持經,T 1581 (8),0,27,12,82,26,0,1,23,0,10521,0,
菩薩地持經,T 1581 (9),0,40,2,127,54,0,8,24,0,22132,0,
菩薩地持經,T 1581 (10),0,13,1,68,23,0,1,11,0,10440,0,
菩薩戒本,T 1500,0,3,0,19,15,0,4,5,0,6473,0,
優婆塞戒,T 1488 (1),0,21,1,34,48,3,3,17,0,11896,0,
優婆塞戒,T 1488 (2),0,27,0,46,21,6,1,4,0,11902,0,
優婆塞戒,T 1488 (3),0,8,25,25,66,0,6,48,0,12425,0,
優婆塞戒,T 1488 (4),0,52,25,10,41,0,8,27,0,11089,0,
優婆塞戒,T 1488 (5),0,29,6,38,56,0,4,40,0,10726,0,
優婆塞戒,T 1488 (6),0,33,1,40,85,2,10,44,0,11688,0,
優婆塞戒,T 1488 (7),0,49,1,25,59,0,3,42,0,11833,0,
阿毘曇毘婆沙,T 1546 (1),0,34,11,59,30,0,14,19,0,14785,0,
阿毘曇毘婆沙,T 1546 (2),0,6,1,31,19,1,9,55,0,14164,0,
阿毘曇毘婆沙,T 1546 (3),0,43,15,60,24,0,24,45,0,16532,0,
阿毘曇毘婆沙,T 1546 (4),0,178,4,60,11,1,7,18,0,10371,0,
阿毘曇毘婆沙,T 1546 (5),0,73,2,27,8,0,4,32,0,9853,0,
阿毘曇毘婆沙,T 1546 (6),0,6,3,31,9,0,9,21,0,13747,0,
阿毘曇毘婆沙,T 1546 (7),1,33,11,105,9,1,19,11,0,11065,0,
阿毘曇毘婆沙,T 1546 (8),0,3,2,35,19,1,13,22,0,11335,0,
阿毘曇毘婆沙,T 1546 (9),0,68,8,63,12,0,17,23,0,14635,0,
阿毘曇毘婆沙,T 1546 (10),0,10,8,50,16,1,10,26,0,18404,0,
阿毘曇毘婆沙,T 1546 (11),0,24,0,74,16,0,19,25,0,18293,0,
阿毘曇毘婆沙,T 1546 (12),0,12,8,56,15,0,8,21,0,13488,0,
阿毘曇毘婆沙,T 1546 (13),0,8,3,40,32,0,13,29,0,14657,0,
阿毘曇毘婆沙,T 1546 (14),0,16,4,65,15,0,8,30,0,14580,0,
阿毘曇毘婆沙,T 1546 (15),0,36,21,78,52,0,9,43,0,13723,0,
阿毘曇毘婆沙,T 1546 (16),0,22,8,50,16,0,14,25,0,10439,0,
阿毘曇毘婆沙,T 1546 (17),0,9,4,61,16,0,5,37,0,14940,0,
阿毘曇毘婆沙,T 1546 (18),0,68,8,73,8,0,16,33,0,10460,0,
阿毘曇毘婆沙,T 1546 (19),0,7,3,26,24,0,4,33,0,14674,0,
阿毘曇毘婆沙,T 1546 (20),0,25,3,69,22,0,12,44,0,15902,0,
阿毘曇毘婆沙,T 1546 (21),0,51,24,61,37,0,34,25,0,14786,0,
阿毘曇毘婆沙,T 1546 (22),0,21,8,65,24,6,24,17,0,13795,0,
阿毘曇毘婆沙,T 1546 (23),0,59,11,25,21,0,16,13,0,14551,0,
阿毘曇毘婆沙,T 1546 (24),0,6,1,29,8,0,6,20,0,11231,0,
阿毘曇毘婆沙,T 1546 (25),0,18,1,25,32,0,8,49,0,13004,0,
阿毘曇毘婆沙,T 1546 (26),0,24,0,102,37,0,8,31,0,13345,0,
阿毘曇毘婆沙,T 1546 (27),0,31,11,25,17,0,10,28,0,10493,0,
阿毘曇毘婆沙,T 1546 (28),0,23,0,23,10,0,4,28,0,12910,0,
阿毘曇毘婆沙,T 1546 (29),0,32,18,34,18,0,6,16,0,13036,0,
阿毘曇毘婆沙,T 1546 (30),0,15,7,14,10,0,1,5,0,11629,0,
阿毘曇毘婆沙,T 1546 (31),0,4,0,8,111,0,0,2,0,16448,0,
阿毘曇毘婆沙,T 1546 (32),0,25,13,38,48,1,14,22,0,11872,0,
阿毘曇毘婆沙,T 1546 (33),0,8,0,15,22,0,15,18,0,13710,0,
阿毘曇毘婆沙,T 1546 (34),0,3,0,16,14,0,6,0,0,11622,0,
阿毘曇毘婆沙,T 1546 (35),0,11,6,68,57,0,23,31,0,17472,0,
阿毘曇毘婆沙,T 1546 (36),0,40,9,44,24,0,15,22,0,16154,0,
阿毘曇毘婆沙,T 1546 (37),0,22,6,53,53,3,5,32,0,14763,0,
阿毘曇毘婆沙,T 1546 (38),0,16,4,10,18,0,14,24,0,11260,0,
阿毘曇毘婆沙,T 1546 (39),0,36,4,53,33,0,14,35,0,13159,0,
阿毘曇毘婆沙,T 1546 (40),0,26,5,33,52,0,9,27,0,18394,0,
阿毘曇毘婆沙,T 1546 (41),0,52,13,47,31,0,10,44,0,15601,0,
阿毘曇毘婆沙,T 1546 (42),0,13,4,52,28,0,2,12,0,15975,0,
阿毘曇毘婆沙,T 1546 (43),0,45,20,41,21,0,15,31,0,17053,0,
阿毘曇毘婆沙,T 1546 (44),0,32,12,38,22,0,13,32,0,15504,0,
阿毘曇毘婆沙,T 1546 (45),0,57,3,24,15,0,9,10,0,16145,0,
阿毘曇毘婆沙,T 1546 (46),0,58,15,33,29,1,8,17,0,14344,0,
阿毘曇毘婆沙,T 1546 (47),0,5,2,27,48,0,2,45,0,12032,0,
阿毘曇毘婆沙,T 1546 (48),0,3,0,25,26,0,8,14,0,10168,0,
阿毘曇毘婆沙,T 1546 (49),0,8,5,34,25,0,9,23,0,12088,0,
阿毘曇毘婆沙,T 1546 (50),0,17,3,6,12,0,7,2,0,5932,0,
阿毘曇毘婆沙,T 1546 (51),0,16,10,17,6,2,12,6,0,6426,0,
阿毘曇毘婆沙,T 1546 (52),0,15,4,8,55,0,6,6,0,4826,0,
阿毘曇毘婆沙,T 1546 (53),0,19,19,12,6,0,12,6,0,5462,0,
阿毘曇毘婆沙,T 1546 (54),0,13,7,21,57,0,14,16,0,6314,0,
阿毘曇毘婆沙,T 1546 (55),0,0,0,8,27,0,3,2,0,9174,0,
阿毘曇毘婆沙,T 1546 (56),0,8,5,31,19,0,6,23,0,7671,0,
阿毘曇毘婆沙,T 1546 (57),0,8,0,7,4,0,1,1,0,5477,0,
阿毘曇毘婆沙,T 1546 (58),0,0,0,11,35,0,0,0,0,7198,0,
阿毘曇毘婆沙,T 1546 (59),0,15,7,14,16,0,10,16,0,6160,0,
阿毘曇毘婆沙,T 1546 (60),0,0,0,0,91,0,1,3,0,9699,0,
寶梁經,T 310(44),0,69,3,44,28,0,12,43,0,9723,0,
大方廣佛華嚴經,T 278 (1),0,4,0,102,9,1,1,0,0,10124,0,
大方廣佛華嚴經,T 278 (2),0,1,0,101,24,2,0,3,0,10278,0,
大方廣佛華嚴經,T 278 (3),0,4,2,160,11,1,3,12,0,11431,0,
大方廣佛華嚴經,T 278 (4),0,9,2,115,8,0,1,6,0,12028,0,
大方廣佛華嚴經,T 278 (5),1,24,0,139,5,1,4,2,0,12744,0,
大方廣佛華嚴經,T 278 (6),0,8,0,118,4,0,2,143,0,10597,0,
大方廣佛華嚴經,T 278 (7),0,13,0,145,5,0,2,4,0,10803,0,
大方廣佛華嚴經,T 278 (8),0,15,4,146,4,0,5,28,0,10370,0,
大方廣佛華嚴經,T 278 (9),0,8,0,179,9,0,3,2,0,12852,0,
大方廣佛華嚴經,T 278 (10),0,7,3,194,21,0,2,8,0,11743,0,
大方廣佛華嚴經,T 278 (11),0,57,6,134,18,0,4,29,0,10018,0,
大方廣佛華嚴經,T 278 (12),1,46,1,111,12,1,7,19,0,10411,0,
大方廣佛華嚴經,T 278 (13),0,3,0,144,6,0,2,0,0,9987,0,
大方廣佛華嚴經,T 278 (14),0,34,4,251,8,0,2,18,0,13315,0,
大方廣佛華嚴經,T 278 (15),0,14,0,228,15,0,3,4,0,10574,0,
大方廣佛華嚴經,T 278 (16),0,3,0,107,2,0,2,1,0,9838,0,
大方廣佛華嚴經,T 278 (17),0,10,3,117,9,0,1,2,0,10091,0,
大方廣佛華嚴經,T 278 (18),0,19,8,144,4,0,1,10,0,9984,0,
大方廣佛華嚴經,T 278 (19),0,7,0,169,5,0,1,3,0,10766,0,
大方廣佛華嚴經,T 278 (20),0,6,0,103,1,0,0,0,0,9514,0,
大方廣佛華嚴經,T 278 (21),0,7,0,143,1,1,0,2,0,9202,0,
大方廣佛華嚴經,T 278 (22),0,3,2,133,3,0,0,0,0,9869,0,
大方廣佛華嚴經,T 278 (23),0,34,6,231,20,0,9,10,0,10516,0,
大方廣佛華嚴經,T 278 (24),0,44,3,130,26,0,5,16,0,10290,0,
大方廣佛華嚴經,T 278 (25),0,23,0,186,17,0,11,9,0,12965,0,
大方廣佛華嚴經,T 278 (26),0,7,12,172,12,0,9,7,0,10753,0,
大方廣佛華嚴經,T 278 (27),0,9,4,148,7,0,6,4,0,10806,0,
大方廣佛華嚴經,T 278 (28),0,5,0,141,9,0,1,3,0,12445,0,
大方廣佛華嚴經,T 278 (29),0,4,1,119,0,0,1,1,0,7237,0,
大方廣佛華嚴經,T 278 (30),0,1,0,346,5,0,0,0,0,7882,0,
大方廣佛華嚴經,T 278 (31),0,4,0,244,10,0,1,0,0,10052,0,
大方廣佛華嚴經,T 278 (32),0,25,4,169,9,2,3,8,0,10494,0,
大方廣佛華嚴經,T 278 (33),1,21,1,195,12,0,3,7,0,11180,0,
大方廣佛華嚴經,T 278 (34),0,30,12,107,17,1,4,19,0,10871,0,
大方廣佛華嚴經,T 278 (35),0,22,1,66,11,0,1,5,0,11030,0,
大方廣佛華嚴經,T 278 (36),0,7,1,74,10,0,0,10,0,8737,0,
大方廣佛華嚴經,T 278 (37),0,20,0,52,3,0,0,18,0,9046,0,
大方廣佛華嚴經,T 278 (38),0,13,0,71,3,0,2,4,0,9045,0,
大方廣佛華嚴經,T 278 (39),0,29,0,89,3,0,1,10,0,10124,0,
大方廣佛華嚴經,T 278 (40),0,2,0,111,0,0,0,2,0,9858,0,
大方廣佛華嚴經,T 278 (41),0,10,0,96,0,0,0,0,0,7852,0,
大方廣佛華嚴經,T 278 (42),0,17,1,106,12,0,4,3,0,9643,0,
大方廣佛華嚴經,T 278 (43),0,19,1,133,13,0,7,3,0,11653,0,
大方廣佛華嚴經,T 278 (44),1,1,0,107,3,1,1,0,0,10079,0,
大方廣佛華嚴經,T 278 (45),1,30,4,166,18,0,1,3,0,11037,0,
大方廣佛華嚴經,T 278 (46),0,41,8,142,27,0,2,2,0,10253,0,
大方廣佛華嚴經,T 278 (47),0,77,7,142,15,0,2,6,0,11944,0,
大方廣佛華嚴經,T 278 (48),0,48,11,86,18,1,3,7,0,8823,0,
大方廣佛華嚴經,T 278 (49),0,71,13,124,19,0,7,10,0,10025,0,
大方廣佛華嚴經,T 278 (50),0,58,6,85,14,1,5,7,0,8000,0,
大方廣佛華嚴經,T 278 (51),1,60,14,156,26,1,1,8,0,9971,0,
大方廣佛華嚴經,T 278 (52),0,45,4,169,28,0,1,14,0,13041,0,
大方廣佛華嚴經,T 278 (53),0,76,5,119,23,0,7,6,0,11337,0,
大方廣佛華嚴經,T 278 (54),1,57,9,155,14,6,15,14,0,11497,0,
大方廣佛華嚴經,T 278 (55),0,52,6,190,18,0,7,12,0,12720,0,
大方廣佛華嚴經,T 278 (56),0,89,12,192,32,4,17,11,0,12582,0,
大方廣佛華嚴經,T 278 (57),0,96,10,106,24,1,0,5,0,9931,0,
大方廣佛華嚴經,T 278 (58),0,20,16,256,12,3,7,8,0,11945,0,
大方廣佛華嚴經,T 278 (59),0,1,5,145,7,0,1,0,0,10925,0,
大方廣佛華嚴經,T 278 (60),0,32,17,157,14,1,4,5,0,11279,0,
觀佛三昧經,T 643 (1),5,31,13,75,27,2,22,26,0,9946,0,
觀佛三昧經,T 643 (2),1,19,7,132,16,2,8,24,0,9291,0,
觀佛三昧經,T 643 (3),1,53,53,180,39,0,30,15,0,11368,0,
觀佛三昧經,T 643 (4),0,5,11,149,24,0,6,16,0,9395,0,
觀佛三昧經,T 643 (5),2,29,13,46,44,0,10,8,0,9801,0,
觀佛三昧經,T 643 (6),2,25,14,61,43,0,13,16,0,7434,0,
觀佛三昧經,T 643 (7),1,31,20,98,26,1,13,18,0,7862,0,
觀佛三昧經,T 643 (8),1,57,27,93,42,4,24,18,0,7430,0,
觀佛三昧經,T 643 (9),0,36,28,120,75,4,27,36,0,10537,0,
觀佛三昧經,T 643 (10),1,22,13,88,24,1,11,33,0,7480,0,
禪經修行方便,T 618 (1),1,48,2,108,77,1,26,58,0,19658,0,
禪經修行方便,T 618 (2),0,32,4,127,94,0,16,47,0,19047,0,
大方等如來藏經,T 666,0,27,10,46,16,1,5,5,0,6023,0,
出生無量門持經,T 1012,0,8,3,47,3,2,4,21,0,4123,0,
文殊師利發願經,T 296,0,11,0,28,2,0,0,0,0,1346,0,
大般泥洹,T 7 (1),1,82,66,73,27,9,56,55,0,9265,0,
大般泥洹,T 7 (2),0,111,44,76,32,8,70,37,0,10112,0,
大般泥洹,T 7 (3),1,106,46,115,46,11,63,28,0,9774,0,
方等泥洹經,T 376 (1),0,74,41,136,27,1,55,53,0,13452,0,
方等泥洹經,T 376 (2),4,108,44,92,14,0,33,111,0,12243,0,
方等泥洹經,T 376 (3),1,50,8,142,31,0,14,31,0,13423,0,
方等泥洹經,T 376 (4),1,94,27,124,31,0,19,127,0,11627,0,
方等泥洹經,T 376 (5),4,130,15,109,25,1,13,63,0,14072,0,
方等泥洹經,T 376 (6),0,72,19,139,23,0,19,66,0,14890,0,
摩訶僧祇律,T 1425 (1),2,96,54,116,79,5,45,54,0,15129,0,
摩訶僧祇律,T 1425 (2),1,102,40,71,57,0,40,46,0,14224,0,
摩訶僧祇律,T 1425 (3),0,127,70,72,69,3,34,52,0,21779,0,
摩訶僧祇律,T 1425 (4),0,135,85,78,46,1,43,50,0,16077,0,
摩訶僧祇律,T 1425 (4),0,135,85,78,46,1,43,50,0,16077,0,
摩訶僧祇律,T 1425 (5),0,107,72,78,51,1,34,66,0,17194,0,
摩訶僧祇律,T 1425 (6),0,177,99,91,68,1,43,91,0,19727,0,
摩訶僧祇律,T 1425 (7),0,114,117,161,97,0,67,76,0,19435,0,
摩訶僧祇律,T 1425 (8),0,60,34,115,96,0,48,42,0,18353,0,
摩訶僧祇律,T 1425 (9),0,136,92,112,101,0,27,80,0,20878,0,
摩訶僧祇律,T 1425 (10),0,89,53,55,67,0,17,64,0,15287,0,
摩訶僧祇律,T 1425 (11),0,125,93,65,77,0,32,73,0,12424,0,
摩訶僧祇律,T 1425 (12),0,86,116,85,55,0,26,52,0,12444,0,
摩訶僧祇律,T 1425 (13),0,82,54,71,81,0,33,47,0,12816,0,
摩訶僧祇律,T 1425 (14),0,54,52,62,71,0,17,53,0,12318,0,
摩訶僧祇律,T 1425 (15),0,79,71,97,110,0,30,72,0,14978,0,
摩訶僧祇律,T 1425 (16),0,103,50,82,114,0,36,90,0,16267,0,
摩訶僧祇律,T 1425 (17),0,116,89,117,123,1,33,85,0,16979,0,
摩訶僧祇律,T 1425 (18),0,103,117,113,110,0,40,74,0,18244,0,
摩訶僧祇律,T 1425 (19),0,87,80,61,76,0,36,73,0,18279,0,
摩訶僧祇律,T 1425 (20),0,107,55,120,114,0,42,86,0,19003,0,
摩訶僧祇律,T 1425 (21),0,58,78,142,92,1,45,124,0,17243,0,
摩訶僧祇律,T 1425 (22),0,44,67,189,105,0,51,203,0,18473,0,
摩訶僧祇律,T 1425 (23),0,65,56,100,78,0,40,20,0,14320,0,
摩訶僧祇律,T 1425 (24),0,75,27,95,85,1,39,26,0,14626,0,
摩訶僧祇律,T 1425 (25),0,32,19,30,37,0,10,17,0,16832,0,
摩訶僧祇律,T 1425 (26),0,123,21,44,160,0,40,34,0,16343,0,
摩訶僧祇律,T 1425 (27),0,79,25,88,108,0,55,40,0,17036,0,
摩訶僧祇律,T 1425 (28),0,112,61,51,58,0,27,45,0,17025,0,
摩訶僧祇律,T 1425 (29),1,94,74,90,66,0,28,33,0,14825,0,
摩訶僧祇律,T 1425 (30),0,128,75,66,154,0,35,59,0,16922,0,
摩訶僧祇律,T 1425 (31),0,71,40,79,102,0,45,44,0,16765,0,
摩訶僧祇律,T 1425 (32),0,101,54,93,97,0,54,49,0,14996,0,
摩訶僧祇律,T 1425 (33),0,63,37,47,53,0,21,36,0,11655,0,
摩訶僧祇律,T 1425 (34),0,27,30,52,82,0,36,139,0,14164,0,
摩訶僧祇律,T 1425 (35),0,48,32,52,94,0,43,178,0,13787,0,
摩訶僧祇律,T 1425 (36),0,93,78,58,89,0,28,66,0,14934,0,
摩訶僧祇律,T 1425 (37),0,54,104,55,83,0,20,41,0,13423,0,
摩訶僧祇律,T 1425 (38),0,47,61,47,128,0,45,53,0,16066,0,
摩訶僧祇律,T 1425 (39),0,45,46,45,108,0,24,81,0,13710,0,
摩訶僧祇律,T 1425 (40),0,48,28,46,56,1,38,71,0,13188,0,
僧祇比丘戒本,T 1426,0,40,30,78,49,0,17,94,0,14150,0,
雜藏經,T 745,2,50,38,9,15,2,13,7,0,6136,0,
方等檀特陀羅尼經,T 1339 (1),10,73,53,113,35,10,39,55,0,10113,0,
方等檀特陀羅尼經,T 1339 (2),9,58,65,124,23,7,39,61,0,9397,0,
方等檀特陀羅尼經,T 1339 (3),2,79,33,55,10,4,19,30,0,7322,0,
方等檀特陀羅尼經,T 1339 (4),6,72,72,77,33,4,37,40,0,8590,0,
決定毘尼經,T 325,0,83,3,162,11,1,6,37,0,9944,0,
佛所行讚,T 193 (1),22,15,3,62,11,0,24,33,0,12096,0,
佛所行讚,T 193 (2),40,39,19,56,24,2,37,37,0,13370,0,
佛所行讚,T 193 (3),34,15,10,45,27,4,40,44,0,10843,0,
佛所行讚,T 193 (4),25,20,7,83,28,2,34,31,0,14044,0,
佛所行讚,T 193 (5),68,33,14,41,27,4,36,61,0,13846,0,
佛所行讚,T 193 (6),24,19,23,78,22,2,27,19,0,10340,0,
佛所行讚,T 193 (7),20,15,10,105,21,7,29,40,0,11702,0,
觀世音授記經,T 371,1,18,14,52,24,0,19,26,0,8459,0,
彌沙塞律,T 1421 (1),7,99,59,70,42,0,42,42,0,12784,0,
彌沙塞律,T 1421 (2),6,116,111,111,40,2,56,24,0,16287,0,
彌沙塞律,T 1421 (3),9,123,114,148,72,5,63,54,0,16691,0,
彌沙塞律,T 1421 (4),1,130,100,141,72,3,65,46,0,16335,0,
彌沙塞律,T 1421 (5),3,94,72,195,58,0,67,22,0,15261,0,
彌沙塞律,T 1421 (6),2,112,101,249,48,1,92,33,0,18512,0,
彌沙塞律,T 1421 (7),0,101,60,239,83,0,107,41,0,17606,0,
彌沙塞律,T 1421 (8),0,126,105,219,71,1,116,42,0,19498,0,
彌沙塞律,T 1421 (9),1,139,93,274,60,0,122,31,0,19787,0,
彌沙塞律,T 1421 (10),0,48,37,322,44,0,94,53,0,12942,0,
彌沙塞律,T 1421 (11),0,80,89,134,50,1,58,32,0,11651,0,
彌沙塞律,T 1421 (12),0,67,43,142,26,0,89,16,0,13978,0,
彌沙塞律,T 1421 (13),0,42,25,229,26,0,124,11,0,12785,0,
彌沙塞律,T 1421 (14),0,20,6,250,8,0,150,9,0,15889,0,
彌沙塞律,T 1421 (15),8,90,40,29,76,10,35,45,0,12040,0,
彌沙塞律,T 1421 (16),10,90,55,82,54,2,37,30,0,12779,0,
彌沙塞律,T 1421 (17),0,82,92,165,74,3,47,38,0,14321,0,
彌沙塞律,T 1421 (18),0,66,26,236,41,1,45,19,0,16612,0,
彌沙塞律,T 1421 (19),0,44,50,104,24,0,19,25,0,10179,0,
彌沙塞律,T 1421 (20),1,85,33,221,43,1,25,14,0,14528,0,
彌沙塞律,T 1421 (21),6,81,32,176,32,1,36,23,0,13449,0,
彌沙塞律,T 1421 (22),3,68,33,160,57,1,48,14,0,14212,0,
彌沙塞律,T 1421 (23),0,83,28,42,33,0,45,5,0,10125,0,
彌沙塞律,T 1421 (24),2,88,32,75,51,2,35,30,0,11161,0,
彌沙塞律,T 1421 (25),4,74,28,73,39,9,33,21,0,10437,0,
彌沙塞律,T 1421 (26),2,76,44,261,39,2,45,18,0,16906,0,
彌沙塞律,T 1421 (27),0,24,12,75,29,0,19,10,0,8389,0,
彌沙塞律,T 1421 (28),1,42,26,71,26,0,10,14,0,10090,0,
彌沙塞律,T 1421 (29),0,49,28,92,50,0,39,32,0,11044,0,
彌沙塞律,T 1421 (30),3,86,38,42,35,2,47,18,0,8713,0,
彌沙塞比丘戒本,T 1422A,0,37,35,93,30,0,21,115,0,14082,0,
菩薩善戒,T 1582 (1),0,74,3,101,18,0,9,20,0,14550,0,
菩薩善戒,T 1582 (2),0,35,1,70,12,2,1,4,0,10200,0,
菩薩善戒,T 1582 (3),0,4,4,33,18,0,3,12,0,10076,0,
菩薩善戒,T 1582 (4),0,34,5,33,25,1,13,28,0,9832,0,
菩薩善戒,T 1582 (5),0,48,3,33,13,0,6,9,0,10221,0,
菩薩善戒,T 1582 (6),0,19,8,37,24,1,11,16,0,9363,0,
菩薩善戒,T 1582 (7),0,32,0,36,28,0,0,6,0,9024,0,
菩薩善戒,T 1582 (8),0,27,2,73,24,0,6,4,0,10657,0,
菩薩善戒,T 1582 (9),0,14,9,60,24,0,0,7,0,10717,0,
優婆塞五戒略論,T 1503,1,53,4,35,19,0,12,30,0,8901,0,
雜阿毘曇心,T 1552 (1),0,20,4,53,41,1,12,56,0,19227,0,
雜阿毘曇心,T 1552 (2),0,2,0,63,46,0,29,63,0,12357,0,
雜阿毘曇心,T 1552 (3),0,8,0,32,42,0,15,79,0,19677,0,
雜阿毘曇心,T 1552 (4),0,20,1,46,24,0,15,64,0,13664,0,
雜阿毘曇心,T 1552 (5),0,20,0,27,51,0,11,75,0,14898,0,
雜阿毘曇心,T 1552 (6),0,24,0,30,21,1,15,42,0,12165,0,
雜阿毘曇心,T 1552 (7),0,1,0,38,30,0,6,41,0,13345,0,
雜阿毘曇心,T 1552 (8),0,13,2,67,67,0,12,64,0,18964,0,
雜阿毘曇心,T 1552 (9),0,4,3,66,35,1,6,37,0,13653,0,
雜阿毘曇心,T 1552 (10),0,13,0,37,28,0,19,56,0,15498,0,
雜阿毘曇心,T 1552 (11),0,25,6,42,33,1,11,29,0,11149,0,
摩得勒伽經,T 1441 (1),0,29,10,24,29,0,4,9,0,13379,0,
摩得勒伽經,T 1441 (2),0,29,7,10,41,0,0,5,0,13237,0,
摩得勒伽經,T 1441 (3),0,41,14,25,43,0,2,12,0,12961,0,
摩得勒伽經,T 1441 (4),0,114,59,99,95,0,6,64,0,12894,0,
摩得勒伽經,T 1441 (5),0,67,31,37,65,0,6,27,0,13617,0,
摩得勒伽經,T 1441 (6),0,12,8,94,37,0,3,114,0,13669,0,
摩得勒伽經,T 1441 (7),0,17,7,5,23,0,1,20,0,12885,0,
摩得勒伽經,T 1441 (8),0,57,12,4,31,0,1,5,0,11889,0,
摩得勒伽經,T 1441 (9),0,11,10,8,21,0,0,7,0,8993,0,
摩得勒伽經,T 1441 (10),0,4,4,7,19,0,0,3,0,8739,0,
分別業報略,T 723,0,4,3,42,7,0,13,11,0,5783,0,
勸發諸王要偈,T 1673,0,4,0,27,2,0,1,20,0,3878,0,
觀普賢菩薩行法經,T 277,0,48,37,151,54,2,34,50,0,8844,0,
虛空藏觀經,T 409,6,7,10,22,4,0,4,13,0,5880,0,
禪祕要,T 613 (1),0,56,38,166,177,1,31,120,0,16415,0,
禪祕要,T 613 (2),1,132,32,160,112,1,37,126,0,17155,0,
禪祕要,T 613 (3),1,76,28,93,152,2,40,100,0,16503,0,
五門禪經要用法,T 619,0,166,18,92,81,0,10,40,0,13798,0,
四天王經,T 590,2,0,0,7,0,0,2,1,0,1458,0,
廣博嚴淨經,T 268 (1),0,25,14,106,17,2,30,8,0,7167,0,
廣博嚴淨經,T 268 (2),2,28,1,118,37,0,5,10,0,8197,0,
廣博嚴淨經,T 268 (3),0,14,0,128,45,0,1,16,0,9754,0,
廣博嚴淨經,T 268 (4),1,36,3,96,32,0,46,19,0,7118,0,
廣博嚴淨經,T 268 (5),0,61,6,89,25,6,19,12,0,8675,0,
廣博嚴淨經,T 268 (6),0,41,13,110,16,1,29,35,0,9173,0,
賢愚經,T 202 (1),26,141,53,56,52,8,91,58,0,14489,0,
新阿鋡經,T 99 (1),0,197,38,82,70,1,11,40,0,14022,0,
新阿鋡經,T 99 (2),0,223,14,95,103,0,21,26,0,15592,0,
新阿鋡經,T 99 (3),2,161,12,91,86,0,5,57,0,14569,0,
新阿鋡經,T 99 (4),0,86,15,66,48,0,30,33,0,12361,0,
新阿鋡經,T 99 (5),1,340,69,147,54,1,35,40,0,16275,0,
新阿鋡經,T 99 (6),0,122,20,51,71,0,0,36,0,10905,0,
新阿鋡經,T 99 (7),0,159,0,129,47,0,0,154,0,13809,0,
新阿鋡經,T 99 (8),0,157,23,121,122,1,12,45,0,14230,0,
新阿鋡經,T 99 (9),0,142,33,87,68,2,44,46,0,16754,0,
新阿鋡經,T 99 (10),0,148,29,94,71,0,18,48,0,16298,0,
新阿鋡經,T 99 (11),0,143,42,101,97,0,11,47,0,13310,0,
新阿鋡經,T 99 (12),0,109,20,77,39,0,23,33,0,15350,0,
新阿鋡經,T 99 (13),0,110,28,91,99,0,15,31,0,13560,0,
新阿鋡經,T 99 (14),0,94,24,98,63,3,23,42,0,14970,0,
新阿鋡經,T 99 (15),0,86,19,161,145,1,3,78,0,15586,0,
新阿鋡經,T 99 (16),0,86,32,140,62,0,8,52,0,15416,0,
新阿鋡經,T 99 (17),0,101,16,143,78,0,9,28,0,16645,0,
新阿鋡經,T 99 (18),0,106,29,44,101,0,17,62,0,15042,0,
新阿鋡經,T 99 (19),0,89,26,122,67,1,41,37,0,12443,0,
新阿鋡經,T 99 (20),0,70,12,64,63,1,6,26,0,13170,0,
新阿鋡經,T 99 (21),0,114,44,109,69,0,21,30,0,14317,0,
新阿鋡經,T 99 (22),0,97,21,78,57,1,19,15,0,13333,0,
新阿鋡經,T 99 (23),4,168,31,133,34,0,91,95,0,16445,0,
新阿鋡經,T 99 (24),0,87,26,82,73,0,11,43,0,12697,0,
新阿鋡經,T 99 (25),0,67,13,87,29,0,68,38,0,7851,0,
新阿鋡經,T 99 (26),0,102,7,209,117,0,1,52,0,18075,0,
新阿鋡經,T 99 (27),0,74,6,106,148,2,10,27,0,14249,0,
新阿鋡經,T 99 (28),0,87,13,114,120,0,5,26,0,14850,0,
新阿鋡經,T 99 (29),0,85,26,127,121,0,18,31,0,14216,0,
新阿鋡經,T 99 (30),0,120,23,100,115,0,35,50,0,12239,0,
新阿鋡經,T 99 (31),0,64,3,125,75,0,3,4,0,13890,0,
新阿鋡經,T 99 (32),0,122,26,58,50,9,31,27,0,14603,0,
新阿鋡經,T 99 (33),0,91,30,83,68,0,12,30,0,15748,0,
新阿鋡經,T 99 (34),0,123,46,122,73,1,28,61,0,18224,0,
新阿鋡經,T 99 (35),0,206,35,68,70,1,38,45,0,16578,0,
新阿鋡經,T 99 (36),0,77,12,84,47,0,21,9,0,12706,0,
新阿鋡經,T 99 (37),0,165,50,83,82,0,26,35,0,18947,0,
新阿鋡經,T 99 (38),0,104,77,74,80,1,23,34,0,13272,0,
新阿鋡經,T 99 (39),0,119,27,67,74,0,56,44,0,13039,0,
新阿鋡經,T 99 (40),0,88,47,103,61,0,22,66,0,12481,0,
新阿鋡經,T 99 (41),0,107,67,100,46,1,26,61,0,13172,0,
新阿鋡經,T 99 (42),0,62,16,35,34,2,20,33,0,11809,0,
新阿鋡經,T 99 (43),0,65,33,109,60,0,28,64,0,13570,0,
新阿鋡經,T 99 (44),0,97,33,63,64,0,56,34,0,13958,0,
新阿鋡經,T 99 (45),0,136,35,85,95,0,47,38,0,13067,0,
新阿鋡經,T 99 (46),0,56,2,62,45,0,13,48,0,11576,0,
新阿鋡經,T 99 (47),0,137,39,121,70,0,19,59,0,16344,0,
新阿鋡經,T 99 (48),0,72,14,44,40,3,17,24,0,13680,0,
新阿鋡經,T 99 (49),0,64,23,51,37,0,22,27,0,13116,0,
新阿鋡經,T 99 (50),0,117,59,66,64,1,59,48,0,16206,0,
大法鼓經,T 270 (1),1,48,39,47,13,1,22,38,0,9609,0,
大法鼓經,T 270 (2),0,132,31,62,20,1,31,68,0,10382,0,
勝鬘經,T 353,0,47,16,40,20,0,23,22,0,11287,0,
八吉祥經,T 430,0,1,0,11,3,0,9,1,0,1307,0,
楞伽阿跋多羅寶經,T 670 (1),4,57,13,121,30,1,10,39,0,16255,0,
楞伽阿跋多羅寶經,T 670 (2),1,66,11,68,21,0,2,25,0,14647,0,
楞伽阿跋多羅寶經,T 670 (3),0,106,25,60,14,0,3,25,0,13063,0,
楞伽阿跋多羅寶經,T 670 (4),1,92,9,110,18,0,3,25,0,15225,0,
央掘魔羅經,T 120 (1),0,343,576,25,9,0,239,324,0,13650,0,
央掘魔羅經,T 120 (2),0,76,69,123,18,1,54,48,0,13895,0,
央掘魔羅經,T 120 (3),0,110,24,61,2,0,16,13,0,10300,0,
央掘魔羅經,T 120 (4),0,74,19,65,16,0,26,76,0,11791,0,
過去現在因果經,T 189 (1),1,72,24,152,48,1,50,46,0,12986,0,
過去現在因果經,T 189 (2),4,128,53,137,70,11,92,52,0,13828,0,
過去現在因果經,T 189 (3),2,137,53,81,56,9,92,43,0,14990,0,
過去現在因果經,T 189 (4),0,174,65,98,99,11,71,49,0,14625,0,
相續解脫經,T 678,0,12,0,44,18,0,2,9,0,7039,0,
觀彌勒菩薩生兜率天經,T 452,0,12,6,47,7,1,11,14,0,4350,0,
禪要祕密治病經,T 620 (1),1,7,20,81,31,0,6,46,0,9663,0,
禪要祕密治病經,T 620 (2),0,9,16,75,34,0,10,44,0,8992,0,
念佛三昧經,T 414 (1),0,71,22,103,50,20,28,22,0,11355,0,
念佛三昧經,T 414 (2),12,160,23,112,23,6,48,41,0,11274,0,
念佛三昧經,T 414 (3),0,73,2,127,15,4,25,17,0,12594,0,
念佛三昧經,T 414 (4),1,40,9,148,32,6,8,88,0,12518,0,
念佛三昧經,T 414 (5),0,35,14,176,20,7,18,62,0,11759,0,
破魔陀羅尼經,T 1014,0,11,3,75,14,1,9,24,0,6530,0,
十誦羯磨,T 1439,0,112,108,49,73,0,37,48,0,16092,0,
十誦比丘尼戒本,T 1437,0,48,73,91,34,0,17,160,0,18359,0,
雜寶藏經,T 203 (1),0,117,54,61,35,8,46,36,0,12165,0,
雜寶藏經,T 203 (2),1,114,45,48,37,19,57,46,0,11586,0,
雜寶藏經,T 203 (3),0,84,37,53,19,11,38,22,0,11294,0,
雜寶藏經,T 203 (4),1,72,33,17,27,15,44,15,0,7790,0,
雜寶藏經,T 203 (5),0,56,27,29,14,39,32,10,0,7527,0,
雜寶藏經,T 203 (6),0,100,24,50,24,7,46,25,0,8218,0,
雜寶藏經,T 203 (7),1,87,27,35,20,25,34,11,0,7477,0,
雜寶藏經,T 203 (8),0,69,45,45,11,6,34,26,0,7801,0,
雜寶藏經,T 203 (9),1,74,33,33,37,16,40,38,0,9143,0,
雜寶藏經,T 203 (10),1,85,10,34,42,11,39,16,0,7438,0,
付法藏因緣經,T 2058 (1),9,64,27,47,38,9,41,38,0,6772,0,
付法藏因緣經,T 2058 (2),14,59,16,44,19,4,33,43,0,5931,0,
付法藏因緣經,T 2058 (3),15,59,35,22,33,7,44,29,0,7049,0,
付法藏因緣經,T 2058 (4),6,54,36,20,22,10,28,26,0,6855,0,
付法藏因緣經,T 2058 (5),24,82,41,41,29,13,41,51,0,9066,0,
付法藏因緣經,T 2058 (6),23,64,33,32,24,8,24,41,0,6289,0,
方便心論,T 1632,0,119,72,37,22,0,23,31,0,9947,0,
無量義經,T 276,0,21,9,90,18,1,12,16,0,10831,0,
善見毘婆沙律,T 1462 (1),0,95,31,80,127,3,39,53,0,15694,0,
善見毘婆沙律,T 1462 (2),0,81,18,93,127,16,43,39,0,13455,0,
善見毘婆沙律,T 1462 (3),0,61,15,43,62,6,33,21,0,8480,0,
善見毘婆沙律,T 1462 (4),0,50,12,40,37,5,13,26,0,16779,0,
善見毘婆沙律,T 1462 (5),0,100,20,96,83,3,37,57,0,17145,0,
善見毘婆沙律,T 1462 (6),0,70,42,57,70,2,30,27,0,14607,0,
善見毘婆沙律,T 1462 (7),0,131,17,38,33,0,43,25,0,12483,0,
善見毘婆沙律,T 1462 (8),0,58,53,53,78,3,21,36,0,16384,0,
善見毘婆沙律,T 1462 (9),0,46,35,24,24,0,14,23,0,13610,0,
善見毘婆沙律,T 1462 (10),0,57,24,55,70,4,24,29,0,14000,0,
善見毘婆沙律,T 1462 (11),0,34,35,42,73,1,25,30,0,14292,0,
善見毘婆沙律,T 1462 (12),0,82,15,27,72,3,34,25,0,14509,0,
善見毘婆沙律,T 1462 (13),1,102,89,45,39,0,15,38,0,13788,0,
善見毘婆沙律,T 1462 (14),0,47,19,31,36,0,13,27,0,10233,0,
善見毘婆沙律,T 1462 (15),0,34,19,30,71,2,9,25,0,14119,0,
善見毘婆沙律,T 1462 (16),0,71,45,34,58,1,31,31,0,13840,0,
善見毘婆沙律,T 1462 (17),0,51,14,28,63,1,24,13,0,9802,0,
善見毘婆沙律,T 1462 (18),0,13,5,3,19,1,3,6,0,9771,0,
百句譬喻經,T 209 (1),1,47,25,11,17,18,20,13,0,5446,0,
百句譬喻經,T 209 (2),0,39,34,14,22,20,14,14,0,4718,0,
百句譬喻經,T 209 (3),0,43,18,30,25,11,11,9,0,6032,0,
百句譬喻經,T 209 (4),0,42,27,18,18,33,10,15,0,6969,0,
道地經中要語章,T 608,0,1,0,1,1,0,2,35,0,2245,0,
梵志頗波羅延問尊種經,T 71,0,80,0,5,0,0,8,21,0,4143,0,
颰披陀菩薩經,T 419,2,22,8,42,61,0,6,25,0,7676,0,
魔王入目犍蘭腹經,T 66,0,39,25,23,25,1,5,50,0,4480,0,
佛本行經,T 193,233,156,86,470,160,21,227,265,0,86145,0,
河中大聚沫經,T 106,0,0,1,7,11,0,0,6,0,1110,0,
聞城譬經,T 713,0,5,0,10,11,0,1,2,0,2680,0,
自守亦不自守經,T 107,0,0,0,1,12,0,0,0,0,403,0,
聽施比丘經,T 504,0,9,2,22,3,0,5,12,0,1781,0,
善馬有三相經,T 114,0,0,0,1,1,0,0,3,0,409,0,
馬有八弊惡態經,T 115,0,1,0,2,0,0,0,0,0,578,0,
彌連經,T 152(39),7,0,0,8,0,1,2,1,0,1186,0,
阿鳩留經,T 529,0,31,0,3,5,1,6,5,0,2025,0,
栴檀樹經,T 805,0,4,3,2,1,1,7,10,0,1511,0,
修行本起經,T 184,38,51,31,86,24,5,60,85,0,19703,0,
菩薩道樹經,T 532,13,27,1,39,14,0,13,55,0,7081,0,
八念經,T 46,2,3,6,4,11,0,1,17,0,2135,0,
禪行三十七品經,T 604,0,0,0,7,3,0,0,2,0,1365,0,
諸法本經,T 59,1,0,0,17,1,0,0,4,0,445,0,
申日經,T 535,6,24,9,20,11,1,19,18,0,3195,1,
月光童子經,T 534,16,20,6,24,13,3,13,20,0,4714,1,
梵志孫陀耶致經,T 582,9,0,2,5,1,0,3,1,0,1470,0,
枯樹經,T 806,0,0,0,3,0,0,2,4,0,486,0,
法律三昧經,T 631,2,9,1,10,14,1,4,13,0,4859,0,
三十二相經,T 26 (59),1,3,3,14,3,0,4,2,0,2189,0,
演道俗經,T 820,2,2,0,11,2,0,1,8,0,6219,0,
黑氏梵志經,T 583,4,4,0,6,7,0,5,11,0,2147,0,
大愛道般泥洹經,T 144,0,31,6,6,39,0,7,25,0,3879,0,
頗多和多耆經,T 740,0,4,0,3,2,0,2,2,0,773,0,
五母子經,T 555,0,39,1,0,1,1,3,8,0,1226,0,
無垢賢經,T 562,1,9,6,12,1,0,2,4,0,1866,0,
八關齋經,T 89,0,9,0,4,3,0,9,5,0,818,0,
逝經,T 528,0,24,12,5,1,0,7,29,0,2199,0,
生死變化經,T 796,0,7,6,41,21,0,4,12,0,4886,0,
文陀竭王經,T 40,0,23,6,3,1,1,0,3,0,1714,0,
耶祇經,T 542,0,14,2,2,3,0,8,9,0,1162,0,
五福德經,T 777,0,0,0,2,0,0,0,0,0,648,0,
末羅王經,T 517,1,8,1,1,0,1,2,4,0,998,0,
長者音悅經,T 531,3,18,5,5,3,6,8,13,0,3002,0,
梵皇經,T 152 (91),1,2,1,5,0,2,0,3,0,594,0,
僧大經,T 541,29,20,10,10,4,0,8,9,0,4127,0,
法常住經,T 819,0,0,0,8,1,0,2,2,0,756,0,
大小諫王經,T 514,1,1,0,6,0,1,2,19,0,1982,0,
波耶匿王經,T 122,0,5,0,0,2,0,1,22,0,1569,0,
旃陀越國王經,T 518,1,13,3,4,2,2,4,11,0,1755,0,
迦葉戒經,T 1469,1,7,0,2,0,0,0,2,0,1574,0,
摩達王經,T 519,0,9,1,0,3,1,5,5,0,737,0,
五恐怖世經,T 1481,0,0,0,1,0,0,0,12,0,752,0,
進學經,T 798,0,0,0,1,1,0,0,0,0,493,0,
四飯法經,T 521,0,3,1,2,2,0,2,3,0,752,0,
十二死經,T 753,0,1,1,2,0,0,0,3,0,529,0,
五無反復經,T 751a,2,18,0,0,5,0,3,0,0,1646,0,
治身經,T 795,0,1,0,1,7,0,1,2,0,746,0,
治意經,T 96,0,0,0,0,11,0,3,3,0,499,0,
十善十惡經,T 729,1,5,2,22,19,0,25,19,0,11024,0,
兜調經,T 78,0,15,14,5,0,0,5,9,0,2129,0,
十夢經,T 147,2,5,3,4,0,0,2,15,0,1375,0,
長者辯意經,T 544,5,4,1,23,7,2,7,21,0,5624,0,
長者須達經,T 73,0,5,1,7,5,1,4,7,0,1608,0,
孝子報恩經,T 687,0,0,0,8,1,0,1,4,0,1128,0,
孝子睒經,T 174,0,45,1,14,5,0,14,14,0,3659,0,
自愛不自愛經,T 742,5,0,0,12,3,2,3,3,0,2956,0,
長壽王經,T 161,5,66,9,6,1,2,18,11,0,3269,0,
薩和檀王經,T 152 (13),1,17,5,2,2,1,12,5,0,1259,0,
未生怨經,T 507,20,2,15,6,3,0,8,9,0,1971,0,
須摩提女經,T 128a,0,36,10,5,0,1,14,19,0,3418,0,
賢首夫人經,T 570,0,2,1,7,1,0,2,2,0,1760,0,
玉耶女經,T 142,1,3,2,2,1,0,4,8,0,1715,0,
新歲經,T 62,0,2,6,33,26,0,24,5,0,3410,0,
阿難八夢經,T 494,0,2,2,1,0,0,0,5,0,673,0,
九色鹿經,T 181a,2,27,9,3,2,1,5,6,0,1480,0,
五苦章句經,T 741,12,13,37,27,11,4,6,30,0,8071,0,
佛滅度後棺歛葬送經,T 392,10,0,0,7,0,0,1,15,0,1996,0,
婦遇對經,T 571,0,2,0,3,1,0,0,1,0,1027,0,
羅芸忍辱經,T 500,7,3,0,3,2,0,1,7,0,1646,0,
蜜蜂王經,T 152 (64),1,3,0,3,1,0,2,10,0,1077,0,
呵調阿那含經,T 538,0,12,2,6,5,0,2,2,0,1066,0,
戒德香經,T 116,0,1,1,2,0,0,0,1,0,923,0,
鬼子母經,T 1262,0,6,5,20,3,0,3,13,0,5544,0,
內外六波羅蜜經,T 778,0,0,1,3,2,0,0,10,0,1798,1,
弗迦沙王經,T 511,0,36,0,15,7,0,5,18,0,4031,0,
七車經,T 26 (9),0,22,0,21,8,1,8,5,0,3511,0,
阿拔經,T 20,12,56,33,16,24,1,18,41,0,8554,0,
堅心經,T 733,1,1,2,3,1,0,1,9,0,963,0,
太子和休經,T 344,0,5,0,6,2,0,1,6,0,1938,0,
分陀利經,T 265,0,29,1,5,1,0,3,8,0,2129,0,
無悕望經,T 813,25,24,4,131,17,1,23,42,0,13023,0,
胎中女經,T 563,0,96,15,128,7,0,2,26,0,13143,0,
普達王經,T 522,5,2,0,8,4,1,12,10,0,2194,0,
長者威勢經,T 330,10,7,1,38,6,0,3,29,0,3934,0,
鹹水喻經,T 29,0,4,3,12,7,0,3,3,0,950,0,
彌勒當來生經,T 457,0,4,0,8,1,0,2,11,0,1442,0,
放鉢經,T 629,1,15,5,53,3,0,14,12,0,4158,0,
法海經,T 34,14,2,6,3,7,0,3,2,0,1607,0,
以身施餓虎經,T 172,21,27,5,32,24,2,40,13,0,6527,0,
淨行經,T 579,1,54,17,68,69,19,11,24,0,20273,0,
金剛三昧經,T 273,0,47,26,105,12,1,16,11,0,17001,0,
大愛道受誡經,T 1478,1,68,13,30,23,1,24,185,0,18551,0,
長者法志妻經,T 572,1,3,2,10,1,0,4,3,0,2005,0,
七智經,T 27,0,0,0,5,1,0,0,1,0,1151,0,
難龍王經,T 597,1,40,87,93,23,1,76,25,0,14377,0,
三慧經,T 768,0,31,13,8,21,2,14,42,0,7597,0,
阿難為蠱道呪經,T 551,0,46,21,4,7,0,5,4,0,1778,0,
菩薩本行經,T 188,23,57,9,11,3,2,26,42,0,6974,0,
太子辟羅經,T 596,3,1,0,2,1,0,4,1,0,1030,0,
沙彌羅經,T 750,0,34,2,1,1,1,2,4,0,1017,0,
八德經,T 35,14,0,0,6,2,0,3,2,0,1482,0,
大方便報恩經,T 156,38,506,230,454,265,2,265,217,0,75487,1,
分別功德經,T 1507,12,178,97,166,81,53,91,137,0,43094,0,
道神足無極變化經,T 816,2,96,13,244,70,0,25,57,0,31911,0,
羅摩伽經,T 294,1,216,39,544,84,6,37,37,0,41177,0,
儒首菩薩無上清淨分衛經,T 234,49,12,5,193,44,0,10,66,0,16587,0,
菩薩瓔珞本業經,T 1485,15,54,26,82,35,8,59,47,0,24683,1,
興起行經,T 197,1,141,54,77,67,9,64,102,0,19795,0,
淨度三昧經,X 15,4,15,2,42,9,0,8,10,0,8879,1,
未曾有因經,T 688,0,4,5,4,5,0,0,4,0,1991,0,
摩訶摩耶經,T 383,3,110,39,136,112,13,73,45,0,17432,0,
那先經,T 1670A,0,121,7,80,24,2,26,77,0,17484,0,
舊譬喻經,T 206,10,185,88,55,39,65,39,99,0,21056,0,
大比丘威儀經,T 1470,0,13,2,6,24,0,8,230,0,10771,0,
觀無量壽經,T 365,2,26,24,71,38,2,14,43,0,9986,0,
採華違王上佛授記妙華經,T 510,0,3,1,5,0,1,3,5,0,1196,0,
佛心總持經,T 154 (19),0,4,1,14,3,0,3,21,0,1398,0,
佛以三事笑經,T 152 (65),9,0,0,1,1,2,3,1,0,822,0,
作佛形像經,T 692,0,7,2,6,1,0,2,8,0,1509,0,
千佛因緣經,T 426,1,92,28,86,38,1,67,31,0,11841,0,
稱揚諸佛功德經,T 434,2,34,7,64,6,0,25,72,0,11465,0,
八部佛名經,T 429,1,1,2,25,1,0,9,8,0,1599,0,
賢劫千佛名經,T 447A,0,1,2,49,39,1,43,9,0,12639,0,
觀藥王藥上二菩薩經,T 1161,3,53,17,99,34,5,29,34,0,9635,0,
請觀世音經,T 1043,0,28,6,26,12,2,10,24,0,5937,0,
文殊師利般涅槃經,T 463,0,5,4,15,5,0,4,9,0,2193,0,
無垢施菩薩分別應辯經,T 310 (33),1,83,32,133,26,1,11,37,0,14603,0,
無言菩薩經,T 397(6),4,65,38,145,30,2,17,35,0,17275,0,
異出菩薩本起經,T 188,23,57,9,11,3,2,26,42,0,6974,0,
大方廣菩薩十地經,T 308,0,1,2,20,2,0,2,21,0,3864,0,
菩薩生地經,T 533,0,1,0,4,4,0,1,5,0,1613,0,
菩薩求佛本業經,T 282,0,0,0,55,3,0,3,6,0,7418,0,
菩薩受齋經,T 1502,0,12,0,2,1,0,7,23,0,1425,0,
菩薩以明離鬼妻經,T 152 (85),12,0,0,3,1,1,0,1,0,667,0,
六菩薩名經,T 491,0,1,0,10,0,0,0,4,0,615,0,
迦葉赴佛泥洹經,T 393,1,4,1,12,3,1,5,0,0,1311,0,
迦葉責阿難雙度羅漢喻經,T 2027,8,15,25,19,22,0,11,21,0,4560,0,
摩訶迦葉度貧母經,T 497,9,5,2,2,3,1,6,6,0,2455,0,
阿難同學經,T 149,0,1,4,0,18,0,3,5,0,1798,0,
阿難問事佛吉凶經,T 492a,0,5,1,5,2,0,1,9,0,2747,0,
迦旃延無常經,T 154 (17),2,3,0,13,3,0,1,10,0,1144,0,
請賓頭盧法,T 1689,0,10,5,1,1,0,0,1,0,867,0,
尊者薄拘羅經,T 26 (34),0,15,5,13,10,0,1,2,0,1426,0,
尊者瞿低迦獨一思惟經,T 99 (1091),0,8,3,5,7,0,3,4,0,1046,0,
優陀夷坐樹下寂靜調伏經,T 99 (253),0,13,5,13,10,0,7,3,0,1998,0,
鴦掘髻經,T 119,0,28,9,14,17,0,11,14,0,3304,0,
浮彌經,T 26 (173),0,9,2,3,6,0,1,1,0,2886,0,
難提釋經,T 113,0,6,0,4,43,0,3,12,0,2084,0,
調達教人為惡經,T 152 (69),5,0,0,1,0,1,0,0,0,356,0,
瞻婆比丘經,T 64,0,3,10,7,38,0,3,11,0,1705,0,
沙曷比丘功德,T 501,4,3,1,3,2,0,1,5,0,1377,0,
分衛比丘經,T 154 (2),8,8,1,3,0,0,7,7,0,1417,0,
比丘各言志經,T 154 (16),5,1,2,15,3,0,5,3,0,3104,0,
比丘疾病經,T 154 (26),3,2,0,1,1,0,6,5,0,1161,0,
比丘避女惡名欲自殺經,T 503,0,8,6,3,3,0,5,2,0,525,0,
佛為年少比丘說正事經,T 502,0,6,1,21,9,0,4,4,0,1004,0,
長者子六過出家經,T 134,0,11,4,6,4,0,0,1,0,1137,0,
出家緣經,T 791,0,1,0,1,1,0,1,1,0,1053,0,
瞿曇彌經,T 26 (116),0,28,8,21,6,0,6,38,0,4655,0,
瞿曇彌記果經,T 60,0,26,8,18,33,0,3,64,0,3741,0,
佛母般泥洹經,T 145,16,4,4,16,5,0,7,7,0,2433,0,
比丘尼現變經,T 154 (43),0,2,0,5,1,1,2,2,0,566,0,
旃闍摩暴志謗佛經,T 154 (9),1,4,2,6,0,0,0,1,0,699,0,
優波離問佛經,T 1466,0,27,0,0,98,0,0,34,0,14654,0,
沙彌威儀,T 1472,0,2,1,1,27,0,2,169,0,5300,0,
沙彌尼戒,T 1474,0,3,0,3,1,0,0,8,0,2552,0,
受十善戒經,T 1486,1,17,74,53,5,1,62,73,0,10797,0,
優婆塞五戒經,T 1503,1,53,4,35,19,0,12,30,0,8901,0,
弟子學有三輩經,T 767,0,1,3,1,0,0,0,11,0,1531,0,
弟子死復生經,T 826,0,15,2,14,5,0,6,41,0,3648,0,
頂生王故事經,T 39,0,35,3,5,13,5,4,9,0,3067,0,
頻毘婆王詣佛供養經,T 133,0,15,4,11,12,0,5,6,0,2517,0,
阿闍世王問五逆經,T 508,0,20,1,4,11,0,2,51,0,2938,0,
阿闍世王受決經,T 509,0,23,6,6,9,0,8,18,0,2190,0,
優填王經,T 332,12,2,2,3,3,1,3,6,0,2787,0,
鏡面王經,T 152 (89),1,7,8,3,2,0,3,3,0,1228,0,
察微王經,T 152 (90),3,1,0,1,0,1,3,0,0,1006,0,
桀貪王經,T 198 (1),0,25,2,4,10,0,9,13,0,2709,0,
薩羅王經,T 520,1,0,0,9,9,1,4,5,0,1944,0,
國王五人經,T 152 (24),13,5,0,14,1,1,4,3,0,2995,0,
舍頭諫太子二十八宿經,T 1301,33,25,13,88,7,4,20,44,0,16131,0,
太子刷護經,T 343,0,5,0,6,2,0,0,7,0,2421,0,
誨子經,T 154 (38),4,0,0,1,0,1,1,3,0,1654,0,
五百幼童經,T 154 (33),2,0,0,6,0,0,1,0,0,639,0,
逝童子經,T 527,3,6,5,5,3,0,6,7,0,1628,0,
長者詣佛說子婦不恭經,T 143,1,5,4,2,2,0,1,12,0,2354,0,
長者子制經,T 526,0,25,37,5,1,0,8,35,0,2282,0,
長者子懊惱三處經,T 525,0,4,0,6,2,0,0,0,0,1292,0,
十支居士八城人經,T 92,0,6,0,15,18,0,3,7,0,1529,0,
婆羅門子命終愛念不離經,T 91,0,26,10,7,42,1,7,24,0,2218,0,
婆羅門避死經,T 131,0,3,0,1,0,1,0,2,0,461,0,
佛為黃竹園老婆羅門說學經,T 75,0,31,7,7,15,0,8,5,0,2076,0,
審裸形子經,T 154 (27),4,10,4,14,0,0,3,8,0,2143,0,
仙人撥劫經,T 154 (52),8,2,2,4,3,1,4,3,0,1033,0,
五仙人經,T 154 (11),13,2,1,4,2,0,5,9,0,2235,0,
光華梵志經,T 154 (14),1,0,0,2,1,0,1,0,0,895,0,
梵志計水淨經,T 51,0,2,3,6,7,0,2,5,0,1052,0,
前世諍女經,T 154 (7),2,6,0,7,0,0,4,3,0,869,0,
三摩竭經,T 129,0,41,8,33,5,0,18,30,0,4299,0,
摩鄧女經,T 1300,27,68,72,57,38,6,51,79,0,18426,0,
釋家畢罪經,T 152 (54),10,2,0,15,2,2,4,2,0,2563,0,
殺身濟賈人經,T 152 (67),6,0,0,2,0,1,2,0,0,545,0,
殺龍濟一國人經,T 152 (70),8,0,0,4,0,1,0,1,0,701,0,
懈怠耕者經,T 827,0,1,1,6,3,0,1,3,0,891,0,
善生子經,T 17,2,3,2,1,14,0,0,46,0,4160,0,
尸迦羅越六向拜經,T 16,0,4,2,4,1,0,3,45,0,2504,0,
貧窮老公經,T 797,0,10,3,0,5,1,10,6,0,1877,0,
老母經,T 561,0,5,0,9,1,1,2,4,0,1282,0,
負為牛者經,T 154 (39),3,1,0,2,0,0,2,2,0,1107,0,
阿遬達經,T 141,0,4,2,4,0,0,2,13,0,943,0,
樹提伽經,T 540,1,11,0,10,0,2,3,0,0,1566,0,
鞞摩肅經,T 90,0,24,6,5,19,0,0,5,0,2467,0,
那賴經,T 154 (1),0,2,0,14,1,0,2,2,0,1358,0,
大意經,T 177,3,28,1,5,4,3,12,7,0,2803,0,
申日兜本經,T 536,0,3,0,14,7,0,5,4,0,1608,0,
舅甥經,T 154 (12),5,2,0,5,1,3,0,6,0,1650,0,
越難經,T 537,0,9,6,2,2,0,4,5,0,1086,0,
鸚鵡經,T 79,0,33,24,6,48,0,10,47,0,4892,0,
水牛王經,T 154 (30),0,2,0,12,1,1,0,2,0,861,0,
兔王經,T 154 (31),3,3,1,7,3,1,3,6,0,787,0,
拘薩羅國烏王經,T 154 (47),4,8,6,9,0,1,9,5,0,1397,0,
雀王經,T 152 (51),3,0,0,2,0,1,0,1,0,305,0,
孔雀經,T 154 (51),1,2,0,17,0,0,6,1,0,1027,0,
野雞經,T 154 (6),11,9,3,6,0,1,4,13,0,1464,0,
大魚事經,T 216,0,5,10,13,4,2,1,4,0,1003,0,
蠱狐烏經,T 154 (25),1,0,1,4,0,0,3,0,0,827,0,
犢子經,T 808,0,15,3,1,0,0,3,6,0,1094,0,
驢駝經,T 154 (50),4,6,1,10,0,0,7,4,0,1056,0,
猘狗經,T 214,0,4,3,1,0,0,2,8,0,1088,0,
鱉獼猴經,T 154 (10),11,5,0,3,1,0,4,4,0,918,0,
鬼問目連經,T 734,0,20,22,4,15,1,14,1,0,2191,0,
鐵城泥犁經,T 42,0,14,25,8,2,0,3,15,0,2585,0,
泥犁經,T 86,0,28,6,20,5,0,6,28,0,7034,0,
十八泥犁經,T 731,0,0,0,0,11,0,0,20,0,3215,0,
四泥犁經,T 139,0,0,0,10,0,0,0,0,0,894,0,
罪業報應教化地獄經,T 724,0,5,1,12,9,0,3,4,0,3845,0,
鹽王五天使者經,T 43,0,6,16,4,5,0,5,13,0,1569,0,
數經,T 70,0,18,14,13,18,0,5,17,0,2662,0,
時經,T 794a,0,5,2,7,2,0,0,4,0,1131,0,
意經,T 82,0,3,4,0,36,0,1,0,0,1541,0,
罵意經,T 732,0,25,6,5,20,0,8,57,0,9111,0,
法觀經,T 611,0,5,3,1,9,0,2,31,0,3167,0,
身觀經,T 612,0,0,0,1,8,0,1,9,0,1220,0,
伏婬經,T 65,0,1,1,1,15,0,0,0,0,1558,0,
離睡經,T 47,0,10,20,3,11,0,0,49,0,1404,0,
應法經,T 83,0,2,0,2,14,0,2,6,0,2115,0,
樂想經,T 56,0,25,0,4,4,0,6,0,0,554,0,
尊上經,T 77,0,19,8,2,25,0,2,25,0,1919,0,
柔軟經,T 26 (117),0,31,0,3,4,3,0,0,0,1123,0,
處處經,T 730,0,48,15,25,13,5,10,45,0,9561,0,
閑居經,T 154 (13),1,4,3,6,3,0,1,7,0,1062,0,
何苦經,T 26 (148),0,2,1,0,3,0,0,11,0,2156,0,
貧窮經,T 26 (125),0,9,0,19,7,0,0,0,0,1562,0,
求欲經,T 49,0,21,1,133,77,1,0,31,0,5905,0,
分別經,T 738,5,4,4,5,8,0,3,30,0,3552,0,
慢法經,T 739,0,1,0,2,0,0,0,3,0,841,0,
邪見經,T 93,0,7,3,0,4,0,5,3,0,720,0,
積骨經,T 150A (30),0,1,0,0,0,0,0,1,0,185,0,
苦陰經,T 53,0,12,0,21,14,0,5,10,0,3009,0,
灌臘經,T 391,0,0,0,2,0,0,0,6,0,612,0,
受歲經,T 50,0,20,0,37,37,0,4,31,0,2353,0,
腹使經,T 154 (28),3,5,3,22,2,0,8,5,0,2019,0,
持齋經,T 26 (202),0,57,2,7,11,0,12,7,0,5190,0,
盂蘭經,T 685,1,1,5,1,1,0,2,5,0,1179,1,
恒水戒經,T 33,0,4,2,14,6,0,5,14,0,1851,0,
寂志果經,T 22,4,52,4,25,38,0,13,44,0,9621,0,
戒消災經,T 1477,24,7,9,2,7,0,8,4,0,2496,0,
法滅盡經,T 396,6,0,0,5,0,0,2,4,0,1271,1,
是我所經,T 154 (5),2,11,1,9,0,0,3,4,0,1029,0,
阿耨風經,T 58,0,23,4,4,19,0,4,24,0,3342,0,
惟日雜難經,T 760,0,27,3,11,21,0,6,61,0,9470,0,
內身觀章經,T 610,1,6,0,9,3,0,0,2,0,1994,0,
忠心政行經,T 743,11,3,15,18,7,0,1,28,0,3161,0,
罪業報應經,T 747a,2,0,0,6,1,0,2,5,0,2115,0,
摩訶剎頭經,T 696,0,3,0,10,0,0,7,10,0,1985,0,
金剛清淨經,T 644,0,3,3,27,3,1,4,16,0,3787,0,
淨除業障經,T 1494,0,65,18,136,25,1,26,50,0,9706,0,
相應相可經,T 111,0,0,0,1,0,0,0,1,0,572,0,
商人求財經,T 26 (136),0,146,13,58,24,1,3,23,0,5609,0,
前世三轉經,T 178,1,42,10,28,8,1,9,21,0,3533,0,
阿含正行經,T 151,0,4,9,10,4,0,1,21,0,1965,0,
摩訶乘寶嚴經,T 351,4,51,4,107,21,3,5,38,0,12205,0,
父母恩難報經,T 684,0,0,0,7,0,0,0,4,0,573,1,
犯戒罪報輕重經,T 1467,0,1,3,4,1,0,1,2,0,1026,0,
大乘方等要慧經,T 348,2,1,2,2,0,0,0,2,0,439,0,
仁王護國般若波羅蜜經,T 245,9,39,19,83,14,3,20,20,0,15634,1,
阿難陀目佉尼呵離陀經,T 1013,1,7,2,38,16,0,3,27,0,5222,0,
四品學法經,T 771,0,0,0,1,0,0,0,7,0,1147,0,
四未曾有法經,T 136,0,0,0,5,0,0,2,0,0,1010,0,
四人出現世間經,T 127,0,3,0,10,10,0,5,3,0,1820,0,
七寶經,T 26 (58),0,1,0,2,0,0,0,4,0,303,0,
十一思惟念如來經,T 138,0,0,0,8,3,0,0,9,0,577,0,
十二遊經,T 195,4,0,0,5,1,1,3,5,0,3396,0,
十二頭陀經,T 783,0,21,5,15,6,1,7,12,0,3068,1,
慈仁問八十種好經,T 2867,0,0,0,1,0,0,0,1,0,2019,0,
寶積三昧文殊師利菩薩問法身經,T 356,0,16,8,24,3,0,4,9,0,4741,0,
自誓三昧經,T 622,5,6,8,32,7,2,7,14,0,4214,0,
佛印三昧經,T 621,0,4,2,18,3,0,1,8,0,1652,0,
法華三昧經,T 269,2,13,13,27,9,0,18,27,0,7540,0,
月燈三昧經,T 640,0,2,0,61,4,0,3,2,0,5344,0,
禪要呵欲經,T 609,0,19,8,12,8,0,4,7,0,2274,0,
水喻經,T 26 (4),0,14,6,6,83,0,0,4,0,1913,0,
群牛譬經,T 215,0,8,1,9,1,0,2,4,0,818,0,
鼈喻經,T 154 (35),0,0,0,3,0,1,1,1,0,454,0,
箭喻經,T 94,0,59,7,2,5,0,1,27,0,1932,0,
毒喻經,T 154 (37),3,3,1,1,1,1,1,4,0,965,0,
阿彌陀佛偈,T 1978,0,22,0,84,7,0,1,2,0,6335,0,
後阿彌陀佛偈,T 373,0,0,0,4,0,0,1,1,0,448,0,
灌頂七萬二千神王護比丘呪經,T 1331 (1),5,41,29,104,14,9,14,42,0,7156,1,
灌頂十二萬神王護比丘尼呪經,T 1331 (2),1,12,8,50,6,1,5,17,0,4076,1,
灌頂三歸五戒帶佩護身呪經,T 1331 (3),0,26,26,25,9,1,17,20,0,5266,1,
灌頂百結神王護身呪經,T 1331 (4),3,16,10,43,8,0,6,34,0,6124,1,
灌頂宮宅神王守鎮左右呪經,T 1331 (5),2,27,16,41,7,1,13,17,0,5380,1,
灌頂塚墓因緣四方神呪經,T 1331 (6),15,34,11,49,7,0,17,25,0,4820,1,
灌頂伏魔封印大神呪經,T 1331 (7),5,27,8,36,11,1,15,18,0,4284,1,
灌頂摩尼羅亶大神呪經,T 1331 (8),2,29,5,41,4,2,14,16,0,5103,1,
灌頂召五方龍王攝疫毒神呪經,T 1331 (9),1,18,1,46,6,2,11,14,0,4353,1,
七佛神呪,T 1333,0,11,3,19,11,0,9,10,0,6124,0,
華積陀羅尼神呪,T 1356,0,2,0,8,1,0,2,6,0,1375,0,
持句神呪,T 1351,0,3,0,0,1,0,1,8,0,1062,0,
幻師颰陀神呪,T 1378b,0,5,1,7,0,0,1,5,0,795,0,
摩尼羅亶神呪,T 1393,0,1,0,17,2,0,6,8,0,1438,0,
檀特羅麻油述神呪,T 1391,0,1,2,4,0,0,1,2,0,646,0,
呪時氣,T 1326,0,2,0,8,0,0,0,1,0,293,0,
呪小兒,T 1329,0,1,0,2,0,0,0,1,0,174,0,
呪齲齒,T 1327,0,1,0,0,0,0,1,1,0,199,0,
安宅呪,T 1394,3,13,8,21,6,0,4,8,0,2090,1,
不退轉輪經,T 267,0,131,41,482,141,1,91,110,0,47593,0,
甘露味阿毘曇,T 1553,0,38,0,124,16,0,9,20,0,25764,0,
如來智印經,T 633,0,41,11,70,7,0,10,32,0,11917,0,
七佛父母姓字經,T 4,0,12,0,10,7,0,9,5,0,1805,0,
滿願子經,T 108,0,15,6,5,9,0,2,10,0,1162,0,
加丁比丘經,T 2028,5,15,10,20,16,0,17,23,0,4574,0,
大沙門羯磨,T 1438,0,82,15,62,5,0,36,42,0,13011,0,
魔試目連經,T  67,21,10,3,25,4,0,9,8,0,3089,0,
淨飯王經,T 512,1,36,6,32,17,0,15,8,0,3892,0,
摩竭梵志經,T 198 (4),0,3,0,1,2,0,1,1,0,508,0,
觱辭梵志經,T 198 (8),1,1,3,2,3,0,0,4,0,701,0,
猛觀梵志經,T 198 (11),0,7,0,3,6,0,3,3,0,1150,0,
法觀梵志經,T 198 (12),0,4,0,1,6,0,3,2,0,1275,0,
兜勒梵志經,T 198 (13),1,5,0,1,14,0,6,4,0,2120,0,
鼈王經,T 154(36),2,1,0,3,0,1,1,3,0,590,0,
放牛法經,T 123,1,0,0,6,1,0,0,3,0,2190,0,
餓鬼經,T 746,0,45,43,8,3,0,38,1,0,4508,0,
閻羅王經,X 21,0,7,4,16,2,1,1,12,0,3413,1,
古來經,T 44,15,16,5,10,4,1,8,19,0,2644,0,
緣本經,T 37,0,0,0,4,5,0,1,0,0,1047,0,
施色力經,T 132,0,0,0,1,0,0,1,1,0,767,0,
甚深大迴向經,T 825,0,5,1,13,6,0,8,22,0,2496,0,
木鏘刺脚因緣經,T 197 (6),0,13,6,15,19,2,14,25,0,4524,0,
四輩經,T 769,7,0,1,4,1,0,1,10,0,1632,0,
護諸比丘呪,T 154 (20),1,2,1,5,0,0,1,3,0,543,0,
寶如來經,T 637,2,66,0,238,44,1,41,107,0,25516,0,
寶車經,T 2689,5,13,7,11,0,1,8,9,0,3318,0,
